ID,Age,Salaire_Annuel (€),Niveau_Etude,Ville,Score_Credit_Externe,Epargne_Totale (€),Montant_Pret_Accorde,Defaut_Paiement
1,56.0,91820.0,Master,Lyon,65.0,21580.0,34962.0,Non
2,53.0,56090.0,Licence,Paris,21.0,26356.0,22234.0,Non
3,19.0,98104.0,Doctorat,Lyon,98.0,2089.0,30607.0,Non
4,44.0,33431.0,Doctorat,Marseille,98.0,8758.0,13905.0,Non
5,20.0,56606.0,Bac,Paris,,26699.0,23863.0,Non
6,31.0,91552.0,Licence,,82.0,20660.0,31603.0,Non
7,24.0,32159.0,Master,Marseille,13.0,3193.0,11530.0,Non
8,21.0,92189.0,Licence,Lyon,83.0,44720.0,33613.0,Oui
9,43.0,52065.0,Licence,Lyon,69.0,2778.0,17829.0,Non
10,40.0,70591.0,Bac,Paris,78.0,13045.0,25296.0,-
11,62.0,66214.0,Bac,-,63.0,25717.0,25518.0,Non
12,61.0,63190.0,Master,Marseille,89.0,25098.0,29559.0,Non
13,22.0,79505.0,Bac,Marseille,21.0,13685.0,28219.0,Oui
14,65.0,92373.0,Doctorat,Paris,94.0,13358.0,33179.0,Non
15,52.0,23110.0,Licence,Marseille,80.0,2903.0,7255.0,Non
16,31.0,15206.0,Master,,67.0,1655.0,5772.0,Non
17,49.0,69268.0,Doctorat,Lyon,93.0,14621.0,27393.0,Non
18,60.0,70820.0,Doctorat,Marseille,76.0,31262.0,32567.0,Non
19,59.0,64080.0,Bac,Lyon,98.0,6498.0,23017.0,Non
20,47.0,33047.0,Licence,Marseille,16.0,15014.0,11886.0,Non
21,18.0,76373.0,Bac,Paris,16.0,6925.0,27543.0,Oui
22,44.0,18748.0,Bac,Marseille,78.0,8849.0,7334.0,Non
23,49.0,83840.0,Doctorat,Paris,66.0,11182.0,26713.0,Non
24,19.0,82172.0,Bac,Paris,56.0,21061.0,34605.0,Non
25,40.0,22392.0,Bac,Marseille,98.0,5137.0,7607.0,Non
26,23.0,85467.0,Master,,71.0,31351.0,34672.0,Non
27,41.0,80733.0,Licence,Marseille,70.0,33851.0,-,Non
28,23.0,64811.0,Doctorat,Marseille,80.0,16910.0,24343.0,Non
29,36.0,82270.0,Doctorat,Paris,93.0,38584.0,32454.0,Non
30,18.0,88656.0,Bac,Lyon,39.0,31112.0,36638.0,Non
31,24.0,31371.0,Doctorat,Paris,66.0,8895.0,11280.0,Non
32,49.0,58016.0,Bac,Marseille,70.0,26083.0,24260.0,Non
33,41.0,74040.0,,,13.0,33339.0,28699.0,Non
34,37.0,17557.0,Bac,Marseille,27.0,1558.0,5691.0,Oui
35,35.0,76135.0,Bac,Paris,58.0,9612.0,27517.0,Non
36,38.0,73871.0,,Marseille,87.0,20376.0,27135.0,Non
37,68.0,32429.0,Licence,Lyon,22.0,8058.0,11070.0,Non
38,25.0,64377.0,Bac,Lyon,87.0,6802.0,22005.0,Non
39,65.0,88744.0,Doctorat,Lyon,30.0,39305.0,39038.0,Oui
40,58.0,18420.0,Bac,Lyon,12.0,9032.0,7204.0,Non
41,69.0,21102.0,Bac,,79.0,4292.0,8498.0,Non
42,20.0,51631.0,Licence,Marseille,11.0,6946.0,16709.0,Non
43,59.0,81320.0,Doctorat,Paris,93.0,12511.0,31219.0,Non
44,43.0,44592.0,Doctorat,Paris,61.0,11404.0,16560.0,Non
45,,92575.0,Doctorat,Lyon,66.0,41144.0,35183.0,Non
46,32.0,93657.0,Doctorat,Marseille,79.0,8051.0,32791.0,Non
47,39.0,71661.0,Bac,Lyon,97.0,5178.0,26024.0,Non
48,50.0,18051.0,Doctorat,?,60.0,637.0,5831.0,
49,69.0,95738.0,Master,Paris,19.0,16107.0,33451.0,Oui
50,34.0,94634.0,Doctorat,Lyon,91.0,9494.0,33366.0,Non
51,40.0,89740.0,Bac,Lyon,24.0,11901.0,35113.0,Oui
52,65.0,71556.0,Bac,Paris,16.0,23755.0,27780.0,Non
53,22.0,74638.0,Master,Lyon,91.0,5141.0,27380.0,Non
54,46.0,69340.0,Master,,59.0,16804.0,28209.0,Non
55,,77752.0,Licence,Lyon,64.0,36938.0,31585.0,Non
56,53.0,55158.0,Licence,Lyon,10.0,15129.0,22192.0,Non
57,62.0,66991.0,Doctorat,Marseille,37.0,19898.0,23356.0,-
58,44.0,,,Marseille,87.0,,18499.0,Non
59,60.0,53304.0,Doctorat,Lyon,83.0,2344.0,20061.0,Oui
60,48.0,42350.0,Bac,Lyon,80.0,14568.0,,Non
61,51.0,35358.0,Doctorat,-,65.0,15556.0,14029.0,Non
62,53.0,59425.0,Bac,Paris,89.0,29436.0,26786.0,Non
63,65.0,85640.0,Master,Marseille,14.0,10868.0,34180.0,Non
64,,83450.0,Bac,Lyon,39.0,21139.0,30428.0,Non
65,42.0,81234.0,Master,Paris,95.0,34532.0,35648.0,Non
66,26.0,97637.0,Master,Marseille,70.0,22430.0,37178.0,Non
67,52.0,26130.0,Bac,Paris,93.0,1429.0,10503.0,
68,59.0,3509758.0,Licence,Paris,83.0,638594.0,1197371.0,Non
69,35.0,63136.0,Licence,Lyon,92.0,3233.0,22174.0,Non
70,30.0,77856.0,,Marseille,59.0,20361.0,29527.0,Non
71,55.0,1786643.0,,Marseille,22.0,677415.0,736229.0,
72,23.0,49578.0,Bac,Lyon,64.0,22514.0,18538.0,Non
73,56.0,19748.0,Licence,Lyon,82.0,7621.0,7727.0,Non
74,58.0,54298.0,Bac,Lyon,79.0,23652.0,24208.0,Non
75,55.0,82641.0,Doctorat,Paris,38.0,13893.0,26572.0,Non
76,33.0,76642.0,Doctorat,Paris,73.0,37168.0,30063.0,Non
77,35.0,67528.0,Licence,Marseille,57.0,30493.0,,Non
78,28.0,25975.0,Doctorat,Lyon,82.0,4531.0,9675.0,Non
79,45.0,99665.0,Doctorat,,91.0,48582.0,37615.0,Non
80,44.0,53088.0,Bac,Paris,82.0,7579.0,16507.0,Non
81,30.0,60445.0,Licence,Marseille,79.0,12991.0,26805.0,Non
82,47.0,52892.0,Master,Paris,72.0,26116.0,21333.0,Non
83,66.0,38833.0,Master,Paris,36.0,11216.0,15671.0,Non
84,50.0,23702.0,Bac,Paris,60.0,8270.0,9965.0,Non
85,22.0,2832517.0,Master,,91.0,1079103.0,1175666.0,Non
86,36.0,71397.0,Bac,Lyon,67.0,7963.0,27084.0,Non
87,18.0,51187.0,Master,Marseille,88.0,12456.0,19805.0,Non
88,20.0,52131.0,Bac,Lyon,39.0,22914.0,23295.0,Oui
89,34.0,34758.0,Master,Marseille,68.0,12339.0,15467.0,Non
90,68.0,80215.0,Doctorat,Lyon,88.0,25825.0,32070.0,Non
91,32.0,76886.0,,Paris,78.0,35070.0,35472.0,
92,47.0,58088.0,Bac,Paris,71.0,14588.0,24567.0,Non
93,,,Bac,Lyon,97.0,26014.0,26036.0,Non
94,28.0,32144.0,Master,Marseille,65.0,2508.0,12360.0,-
95,25.0,56240.0,Master,Marseille,86.0,5311.0,19693.0,Non
96,68.0,51668.0,Licence,Paris,59.0,,17220.0,Non
97,43.0,96818.0,Bac,Lyon,76.0,4846.0,30924.0,Non
98,47.0,67796.0,Bac,Lyon,17.0,25535.0,23857.0,Oui
99,69.0,97558.0,Doctorat,Lyon,82.0,18610.0,33741.0,Oui
100,41.0,19621.0,Master,Marseille,77.0,5115.0,6691.0,Non
101,64.0,49674.0,Master,Paris,82.0,985.0,15346.0,null
102,34.0,71793.0,Licence,Paris,29.0,,,Non
103,,41734.0,,,62.0,12411.0,16592.0,Non
104,61.0,75004.0,Licence,,60.0,23013.0,26186.0,Non
105,50.0,16605.0,Master,Lyon,84.0,1576.0,5434.0,Non
106,26.0,39818.0,Master,Paris,15.0,8160.0,15187.0,Oui
107,45.0,15117.0,Bac,Lyon,56.0,4275.0,5278.0,Non
108,25.0,21469.0,Licence,Lyon,74.0,5554.0,8522.0,Oui
109,66.0,82584.0,Licence,Lyon,91.0,21305.0,35771.0,Non
110,53.0,62362.0,,Lyon,64.0,17387.0,24006.0,Non
111,27.0,878892.0,Doctorat,Lyon,91.0,9956.0,281937.0,Non
112,26.0,94767.0,Licence,Marseille,85.0,44111.0,32479.0,Non
113,61.0,82444.0,Doctorat,Marseille,21.0,16144.0,33881.0,Non
114,18.0,58925.0,Doctorat,Paris,95.0,22258.0,20971.0,Non
115,47.0,30524.0,Bac,Marseille,80.0,13883.0,11260.0,Non
116,42.0,99056.0,,Marseille,86.0,23447.0,37137.0,Non
117,55.0,33574.0,Bac,Paris,56.0,9277.0,12552.0,Non
118,,26302.0,Master,Lyon,16.0,9678.0,11045.0,Oui
119,59.0,95910.0,,Paris,84.0,42968.0,33464.0,Non
120,53.0,2432728.0,Bac,Paris,87.0,64299.0,888429.0,Non
121,39.0,58872.0,Licence,Lyon,90.0,13771.0,21676.0,Non
122,69.0,35103.0,Bac,Paris,66.0,13627.0,14286.0,Non
123,44.0,54666.0,Doctorat,Lyon,59.0,22693.0,24192.0,Oui
124,27.0,27999.0,,,97.0,2383.0,8418.0,Non
125,30.0,32368.0,Bac,Marseille,97.0,15107.0,11526.0,Non
126,53.0,79644.0,,,96.0,30894.0,29358.0,Non
127,48.0,59327.0,Bac,Lyon,10.0,3885.0,22192.0,Non
128,38.0,62523.0,Licence,Marseille,31.0,16520.0,26239.0,Oui
129,57.0,26694.0,Bac,Paris,80.0,4629.0,10388.0,Non
130,69.0,88509.0,Licence,Marseille,88.0,40717.0,34758.0,Non
131,60.0,94026.0,Licence,Paris,60.0,2501.0,37339.0,Non
132,50.0,19757.0,Licence,Lyon,61.0,9641.0,8959.0,Non
133,58.0,,Licence,Marseille,26.0,10639.0,24311.0,Non
134,49.0,17482.0,Master,Marseille,84.0,1808.0,7026.0,Non
135,62.0,87847.0,Doctorat,Marseille,,31615.0,34626.0,Non
136,67.0,53000.0,Licence,Lyon,58.0,5254.0,20233.0,Non
137,46.0,63770.0,Doctorat,Lyon,88.0,13409.0,,Non
138,40.0,3595900.0,Doctorat,Paris,57.0,443110.0,1496686.0,Non
139,25.0,83836.0,Master,Marseille,62.0,4923.0,30408.0,Non
140,49.0,,Licence,Marseille,29.0,498633.0,,Oui
141,38.0,81358.0,--,Lyon,61.0,30150.0,33620.0,Non
142,38.0,51220.0,Master,Paris,56.0,23366.0,20403.0,Non
143,,,Licence,Marseille,66.0,12659.0,21503.0,Non
144,54.0,78197.0,Bac,Lyon,12.0,37123.0,29094.0,Non
145,39.0,60648.0,Licence,Lyon,77.0,24376.0,23485.0,Non
146,34.0,42856.0,Licence,Paris,79.0,5844.0,16997.0,Non
147,39.0,70961.0,Licence,Paris,77.0,24464.0,27648.0,Non
148,23.0,76268.0,Licence,Paris,71.0,15907.0,31876.0,Non
149,55.0,16622.0,Bac,Lyon,81.0,7496.0,7804.0,Non
150,23.0,61828.0,Bac,Paris,71.0,13305.0,23755.0,Non
151,45.0,51397.0,Doctorat,Lyon,97.0,5157.0,19921.0,Non
152,53.0,68276.0,Bac,,90.0,,27901.0,Non
153,56.0,43769.0,Master,Marseille,31.0,16149.0,14500.0,Non
154,50.0,89478.0,Doctorat,Marseille,97.0,38004.0,32407.0,Non
155,62.0,62304.0,Licence,Lyon,63.0,11355.0,25953.0,Non
156,,,Doctorat,Lyon,89.0,36885.0,24707.0,Non
157,54.0,90186.0,Licence,Lyon,73.0,14804.0,29740.0,Non
158,66.0,64481.0,Bac,Marseille,66.0,17766.0,28485.0,Oui
159,41.0,27254.0,Bac,Paris,70.0,,10902.0,Non
160,42.0,92454.0,Master,Lyon,80.0,2710.0,33336.0,Non
161,27.0,27182.0,Licence,Paris,61.0,723.0,9918.0,Non
162,,95559.0,Doctorat,Lyon,83.0,23160.0,39168.0,Oui
163,47.0,34426.0,Licence,Marseille,71.0,11311.0,12305.0,Non
164,41.0,72132.0,Licence,Marseille,94.0,16309.0,30425.0,Non
165,40.0,71846.0,Doctorat,Paris,76.0,11939.0,24763.0,Oui
166,35.0,94273.0,Doctorat,Lyon,89.0,41135.0,35368.0,Non
167,47.0,90532.0,Bac,Lyon,12.0,4011.0,37305.0,Non
168,63.0,44629.0,Bac,Paris,98.0,14168.0,17964.0,Non
169,61.0,3486249.0,,Paris,74.0,1294846.0,1483143.0,Non
170,47.0,48933.0,Doctorat,Lyon,27.0,6090.0,20046.0,Non
171,42.0,50400.0,Master,Paris,58.0,5893.0,19743.0,Non
172,54.0,52573.0,Master,Marseille,20.0,23806.0,21682.0,Oui
173,51.0,95435.0,Doctorat,Marseille,83.0,31333.0,38411.0,?
174,68.0,92129.0,Master,Lyon,95.0,9337.0,29875.0,Non
175,20.0,96412.0,Bac,,26.0,25447.0,,Oui
176,37.0,788316.0,Master,Lyon,72.0,276738.0,299903.0,Non
177,41.0,22906.0,Licence,Paris,79.0,6884.0,8237.0,Non
178,31.0,32674.0,Bac,Marseille,83.0,14555.0,15334.0,Non
179,42.0,44192.0,Master,Paris,88.0,9286.0,18653.0,Non
180,32.0,36754.0,Bac,?,91.0,4332.0,12004.0,Non
181,30.0,60648.0,Licence,Paris,83.0,27545.0,26822.0,Non
182,20.0,45561.0,Doctorat,Marseille,10.0,20070.0,19081.0,Oui
183,36.0,82675.0,Bac,Marseille,,14357.0,27715.0,Non
184,62.0,84274.0,,Marseille,22.0,36844.0,37717.0,Oui
185,68.0,93249.0,Licence,Marseille,93.0,8277.0,35468.0,Non
186,53.0,72932.0,Bac,Marseille,67.0,22776.0,25968.0,Non
187,66.0,46966.0,Licence,Paris,60.0,6990.0,18931.0,Non
188,24.0,57207.0,Licence,Marseille,69.0,26698.0,20202.0,Non
189,46.0,,Doctorat,Lyon,,33967.0,23614.0,Non
190,34.0,35953.0,Doctorat,Marseille,23.0,17509.0,14675.0,Non
191,46.0,36427.0,Bac,Marseille,87.0,6140.0,13514.0,Non
192,32.0,42082.0,Licence,Marseille,88.0,20981.0,19065.0,Non
193,34.0,96958.0,Master,Marseille,65.0,11458.0,32165.0,Non
194,19.0,67307.0,Licence,Marseille,71.0,32441.0,27163.0,Non
195,45.0,54214.0,Doctorat,Paris,60.0,20733.0,21634.0,Non
196,22.0,2347865.0,Doctorat,Lyon,89.0,59296.0,738436.0,Non
197,42.0,41385.0,Master,Marseille,23.0,4544.0,12949.0,Non
198,46.0,89318.0,Master,Lyon,61.0,28300.0,35057.0,Non
199,61.0,59859.0,,Marseille,69.0,14722.0,,Non
200,31.0,43541.0,Doctorat,Paris,76.0,12851.0,14522.0,Non
201,19.0,44759.0,Bac,Paris,72.0,15371.0,15420.0,Non
202,35.0,77046.0,Licence,Marseille,87.0,36735.0,27584.0,Non
203,58.0,47981.0,,,86.0,911.0,15497.0,Non
204,39.0,50488.0,Licence,Lyon,56.0,13721.0,20631.0,Non
205,58.0,71985.0,Licence,Marseille,93.0,7804.0,27934.0,Non
206,,80641.0,Master,Paris,38.0,28722.0,33807.0,Non
207,,,Bac,Lyon,17.0,14761.0,23387.0,Non
208,37.0,39826.0,Master,Marseille,70.0,11084.0,14073.0,Non
209,39.0,71446.0,Bac,Lyon,72.0,2827.0,26088.0,Non
210,40.0,16560.0,Bac,Marseille,90.0,6204.0,6668.0,Non
211,46.0,85326.0,Doctorat,Marseille,60.0,30922.0,,Non
212,39.0,17920.0,Master,Marseille,89.0,2115.0,6518.0,Non
213,32.0,45027.0,Bac,Lyon,35.0,16836.0,17383.0,Oui
214,37.0,40963.0,Licence,Lyon,18.0,9213.0,14502.0,Non
215,51.0,58585.0,Master,Lyon,93.0,8532.0,19054.0,Non
216,68.0,63364.0,Licence,Paris,89.0,24727.0,28357.0,Non
217,53.0,26561.0,Doctorat,Lyon,32.0,5641.0,10324.0,Oui
218,55.0,50133.0,Licence,Paris,93.0,9325.0,19404.0,Oui
219,19.0,76272.0,Bac,Lyon,14.0,12916.0,26952.0,Non
220,57.0,27588.0,Master,Marseille,64.0,1269.0,9513.0,Non
221,31.0,86260.0,Licence,Lyon,59.0,11375.0,30972.0,Non
222,60.0,,,Paris,,26462.0,20845.0,Non
223,66.0,41155.0,Doctorat,Marseille,21.0,11299.0,14122.0,Oui
224,37.0,96537.0,Bac,Marseille,80.0,2826.0,33291.0,Oui
225,52.0,43404.0,Master,Paris,68.0,15070.0,15135.0,Non
226,37.0,1680887.0,Master,Marseille,79.0,543210.0,719333.0,Non
227,56.0,21638.0,Master,Lyon,92.0,1697.0,9112.0,Non
228,62.0,16969.0,Licence,Marseille,75.0,950.0,5726.0,Non
229,25.0,28669.0,Bac,Marseille,88.0,9581.0,12579.0,Non
230,43.0,70409.0,Licence,Paris,94.0,27218.0,26022.0,Non
231,44.0,69061.0,Doctorat,Paris,85.0,22987.0,25761.0,Non
232,65.0,23125.0,Doctorat,,15.0,3835.0,7991.0,Non
233,50.0,87460.0,Bac,Paris,95.0,5550.0,28460.0,Non
234,51.0,44165.0,Doctorat,Lyon,88.0,16938.0,16734.0,Non
235,58.0,32772.0,Master,Paris,61.0,420.0,10500.0,Non
236,32.0,24108.0,Master,Paris,86.0,4650.0,,Non
237,61.0,,Licence,Lyon,,17990.0,21882.0,Non
238,43.0,46348.0,Bac,Lyon,59.0,9520.0,17684.0,Non
239,54.0,61819.0,Master,Marseille,60.0,23242.0,24904.0,Non
240,61.0,73348.0,--,Marseille,70.0,24004.0,32363.0,Non
241,32.0,23906.0,Master,Marseille,67.0,4357.0,9461.0,Non
242,51.0,65115.0,Doctorat,Paris,81.0,30311.0,29228.0,Non
243,45.0,,Licence,Lyon,67.0,14819.0,19712.0,Non
244,42.0,59139.0,Licence,Marseille,61.0,9147.0,20319.0,Non
245,66.0,21441.0,Doctorat,Lyon,55.0,4138.0,8262.0,Non
246,62.0,91666.0,Bac,Marseille,75.0,40631.0,41680.0,Non
247,26.0,96929.0,Doctorat,Lyon,96.0,43716.0,38387.0,Non
248,33.0,49084.0,,,90.0,10682.0,17677.0,Non
249,27.0,96571.0,Licence,Paris,59.0,8916.0,32129.0,Non
250,52.0,32014.0,,Paris,91.0,10390.0,13014.0,Non
251,45.0,,Bac,Lyon,,,20110.0,Non
252,52.0,47117.0,Bac,Marseille,65.0,23356.0,18747.0,Non
253,63.0,32625.0,Licence,Lyon,22.0,1595.0,12486.0,Non
254,57.0,88379.0,Master,Paris,60.0,16257.0,34569.0,Oui
255,21.0,,Licence,Paris,86.0,21780.0,20847.0,Non
256,55.0,88794.0,Licence,Paris,76.0,30016.0,37195.0,Non
257,40.0,73576.0,Master,Lyon,62.0,21663.0,26569.0,Non
258,53.0,63604.0,Master,Marseille,70.0,13397.0,25624.0,Non
259,47.0,83619.0,Bac,Marseille,22.0,5745.0,31494.0,Oui
260,68.0,77711.0,Doctorat,Paris,75.0,4315.0,29929.0,Non
261,39.0,19895.0,Bac,Paris,92.0,1751.0,7384.0,Non
262,31.0,20782.0,Licence,Paris,75.0,3734.0,7661.0,Non
263,26.0,53067.0,Licence,,27.0,13939.0,20611.0,Non
264,52.0,25382.0,,Paris,66.0,11827.0,11390.0,Oui
265,59.0,49594.0,Licence,Lyon,15.0,3929.0,17038.0,-
266,24.0,88800.0,Master,Paris,81.0,31126.0,39201.0,Non
267,35.0,70249.0,,Lyon,79.0,17202.0,29073.0,Non
268,50.0,20901.0,Bac,Lyon,23.0,1999.0,6920.0,Non
269,20.0,,,Paris,62.0,9389.0,22104.0,Non
270,21.0,61659.0,Bac,Paris,29.0,13895.0,24905.0,Non
271,23.0,92866.0,Licence,Lyon,73.0,18514.0,38146.0,Non
272,22.0,70677.0,Master,Lyon,69.0,34773.0,32763.0,Oui
273,36.0,76588.0,Bac,Lyon,61.0,26741.0,29345.0,Non
274,50.0,,Bac,Paris,83.0,22043.0,21359.0,Non
275,55.0,30422.0,Bac,Marseille,89.0,5786.0,10875.0,Non
276,,,Bac,Paris,56.0,,23801.0,Non
277,38.0,88294.0,Bac,Lyon,93.0,27661.0,35389.0,Non
278,30.0,71532.0,Bac,Lyon,86.0,17814.0,25742.0,Non
279,52.0,25634.0,,,80.0,1854.0,9573.0,Non
280,51.0,48361.0,Doctorat,Marseille,83.0,11371.0,17963.0,Non
281,38.0,68352.0,Doctorat,-,95.0,23730.0,,Non
282,65.0,35281.0,Doctorat,Paris,88.0,7031.0,14605.0,Non
283,39.0,,Bac,Marseille,,3968.0,18529.0,Non
284,61.0,56991.0,Bac,Paris,55.0,2582.0,21276.0,Non
285,41.0,91816.0,Bac,Paris,85.0,14259.0,30608.0,Non
286,28.0,4404722.0,Master,Marseille,97.0,933555.0,1496280.0,Non
287,22.0,91295.0,Doctorat,,86.0,23935.0,35982.0,Non
288,34.0,50144.0,Licence,Marseille,90.0,15612.0,19172.0,Non
289,31.0,93040.0,Licence,Marseille,64.0,37343.0,35164.0,Non
290,29.0,32153.0,Licence,Paris,85.0,8526.0,11962.0,Non
291,49.0,72866.0,Licence,Marseille,72.0,8748.0,25941.0,Non
292,42.0,69093.0,Doctorat,Lyon,76.0,9960.0,23716.0,Non
293,37.0,79946.0,Licence,Paris,89.0,27102.0,31736.0,Non
294,47.0,91272.0,,Paris,75.0,34680.0,33848.0,Non
295,,,Doctorat,Lyon,98.0,40862.0,22504.0,Non
296,39.0,73712.0,Licence,Paris,56.0,5495.0,23526.0,Oui
297,32.0,63689.0,Master,Marseille,78.0,11321.0,21477.0,Non
298,39.0,82260.0,Bac,Marseille,73.0,6931.0,32362.0,Oui
299,47.0,24496.0,Doctorat,Paris,96.0,6943.0,9549.0,Non
300,25.0,64666.0,Bac,Marseille,96.0,21482.0,26224.0,Non
301,42.0,51735.0,Licence,Marseille,56.0,9526.0,17002.0,Non
302,30.0,99899.0,,Lyon,66.0,37503.0,41919.0,Non
303,31.0,55372.0,Bac,Marseille,85.0,8845.0,21640.0,Non
304,36.0,3121038.0,Bac,Lyon,12.0,241984.0,1060963.0,Oui
305,55.0,17023.0,Master,Paris,58.0,1682.0,6405.0,Non
306,62.0,42766.0,Master,Paris,78.0,2609.0,15667.0,Non
307,69.0,26005.0,Doctorat,Lyon,73.0,3698.0,10558.0,Non
308,36.0,20997.0,Master,Lyon,66.0,8285.0,8777.0,Oui
309,,,Doctorat,Paris,87.0,1349.0,19579.0,Non
310,,40051.0,Master,Marseille,37.0,6277.0,14648.0,Non
311,50.0,49051.0,Doctorat,Marseille,60.0,24312.0,19758.0,Non
312,28.0,18471.0,Bac,Paris,64.0,3212.0,6705.0,Non
313,30.0,21397.0,Licence,Paris,73.0,2932.0,6622.0,Non
314,63.0,77812.0,Doctorat,Paris,75.0,18247.0,30066.0,Oui
315,22.0,41201.0,Doctorat,Lyon,89.0,9231.0,15870.0,
316,53.0,28493.0,Licence,Paris,78.0,6875.0,9686.0,Non
317,,89603.0,Licence,Lyon,61.0,11739.0,36600.0,Non
318,45.0,65057.0,Doctorat,Lyon,79.0,25410.0,27710.0,Oui
319,61.0,20347.0,Doctorat,Marseille,97.0,1591.0,7159.0,Non
320,21.0,45682.0,Master,Lyon,27.0,16852.0,,Non
321,28.0,92454.0,Doctorat,Marseille,80.0,19896.0,30300.0,Non
322,31.0,33745.0,Bac,Lyon,77.0,3613.0,11680.0,Non
323,41.0,72714.0,Bac,Paris,95.0,1512.0,27397.0,Non
324,21.0,30352.0,Master,Lyon,71.0,14886.0,13081.0,Non
325,51.0,33474.0,Bac,Marseille,71.0,10387.0,13005.0,Non
326,63.0,84184.0,Licence,Paris,76.0,35903.0,30681.0,Non
327,19.0,91943.0,Doctorat,Marseille,76.0,14011.0,33403.0,Non
328,64.0,45651.0,Master,Lyon,28.0,18044.0,18303.0,Non
329,49.0,27819.0,Licence,Marseille,76.0,522.0,10633.0,Oui
330,57.0,33133.0,Doctorat,Lyon,95.0,9425.0,12836.0,Non
331,45.0,44118.0,Licence,Paris,57.0,20096.0,19026.0,Non
332,50.0,33658.0,Licence,Marseille,79.0,6890.0,12371.0,Non
333,60.0,17551.0,,Lyon,82.0,6689.0,7932.0,Non
334,54.0,21710.0,Bac,Marseille,94.0,5750.0,8143.0,Non
335,37.0,95257.0,Master,Marseille,81.0,13877.0,39977.0,Non
336,57.0,80031.0,Bac,Marseille,84.0,24929.0,33777.0,Non
337,36.0,77987.0,Master,Lyon,55.0,16744.0,26663.0,Non
338,38.0,71481.0,Doctorat,Lyon,36.0,6397.0,28090.0,Non
339,44.0,70426.0,Bac,Paris,80.0,3444.0,25751.0,Non
340,22.0,4378363.0,Bac,Paris,60.0,1567537.0,1707227.0,Non
341,61.0,4388577.0,,Paris,88.0,1805614.0,1907714.0,Non
342,29.0,84615.0,Bac,Lyon,75.0,18264.0,36196.0,Non
343,51.0,28230.0,Licence,,77.0,8871.0,11944.0,Non
344,39.0,70915.0,Master,Lyon,12.0,1790.0,27598.0,Oui
345,33.0,52346.0,Doctorat,Marseille,63.0,17331.0,17952.0,Non
346,,56814.0,Doctorat,,79.0,6568.0,22258.0,Non
347,32.0,86906.0,Bac,Paris,68.0,39348.0,,Non
348,34.0,65939.0,Bac,Marseille,87.0,28905.0,28704.0,Non
349,44.0,98297.0,Doctorat,Lyon,90.0,19363.0,39643.0,Non
350,52.0,86678.0,Licence,?,79.0,18766.0,27524.0,Non
351,31.0,49518.0,,,57.0,18789.0,22509.0,Non
352,26.0,90948.0,,Lyon,73.0,39803.0,39911.0,Non
353,31.0,49228.0,Bac,Paris,87.0,11799.0,19922.0,Non
354,42.0,26240.0,Master,Lyon,58.0,1091.0,10144.0,Non
355,45.0,96768.0,Bac,Lyon,70.0,12324.0,37656.0,Non
356,66.0,74659.0,Master,Marseille,27.0,21721.0,29154.0,Oui
357,38.0,73643.0,Bac,Marseille,63.0,33560.0,27961.0,Non
358,21.0,64879.0,,,77.0,14332.0,21361.0,Non
359,29.0,86853.0,Master,Marseille,80.0,7883.0,35180.0,Non
360,39.0,76944.0,Bac,Marseille,61.0,5734.0,30251.0,Non
361,21.0,23770.0,Licence,Lyon,81.0,8898.0,9848.0,Non
362,18.0,,Licence,Paris,66.0,16890.0,24949.0,
363,44.0,44033.0,Bac,Paris,89.0,4671.0,17223.0,Non
364,52.0,78315.0,Doctorat,,92.0,33560.0,30699.0,Non
365,,,Doctorat,Paris,75.0,11787.0,21843.0,Non
366,59.0,65952.0,Doctorat,Paris,71.0,4338.0,20759.0,Non
367,68.0,64334.0,Bac,,65.0,2057.0,23471.0,Non
368,28.0,67781.0,Bac,Paris,73.0,14328.0,30208.0,Non
369,25.0,87124.0,Doctorat,Paris,93.0,41599.0,38919.0,Non
370,22.0,93682.0,Licence,Marseille,77.0,2798.0,34353.0,Non
371,37.0,84569.0,Doctorat,Lyon,90.0,16138.0,,Non
372,36.0,93931.0,Bac,Paris,69.0,35452.0,,Non
373,19.0,66649.0,Master,Marseille,68.0,21440.0,23134.0,Non
374,26.0,61619.0,Master,Lyon,56.0,16618.0,22672.0,Non
375,20.0,86975.0,Licence,Paris,66.0,13443.0,36030.0,Non
376,,82534.0,Licence,Paris,85.0,,30264.0,Non
377,41.0,25516.0,Licence,Marseille,89.0,,10167.0,Non
378,26.0,76049.0,Licence,Lyon,57.0,32716.0,29151.0,Non
379,32.0,97279.0,Master,Lyon,90.0,19704.0,39206.0,Non
380,41.0,55603.0,,Marseille,55.0,9979.0,20863.0,Non
381,37.0,55379.0,Licence,Marseille,85.0,22037.0,24191.0,Non
382,28.0,23767.0,Bac,Lyon,66.0,6755.0,9590.0,Non
383,48.0,98820.0,Licence,Paris,78.0,25463.0,42345.0,Oui
384,28.0,22597.0,Licence,,96.0,4604.0,9678.0,Non
385,23.0,68161.0,Bac,Lyon,96.0,13199.0,27291.0,Oui
386,52.0,45403.0,Licence,Paris,22.0,13955.0,19251.0,Non
387,69.0,51575.0,Doctorat,Lyon,91.0,12592.0,21939.0,Non
388,30.0,20498.0,Master,Marseille,88.0,2809.0,6906.0,Non
389,68.0,15340.0,Licence,Marseille,98.0,6397.0,5941.0,Non
390,21.0,45654.0,Doctorat,Paris,88.0,11393.0,16791.0,Non
391,68.0,35219.0,Licence,Lyon,73.0,3826.0,13484.0,Non
392,38.0,95388.0,Bac,,73.0,7140.0,32163.0,Non
393,44.0,39842.0,Licence,Paris,75.0,14959.0,17070.0,Non
394,56.0,16207.0,Doctorat,Paris,21.0,7862.0,6795.0,
395,68.0,75011.0,Doctorat,,90.0,11254.0,27750.0,Non
396,50.0,17454.0,Master,Marseille,71.0,7577.0,7549.0,Non
397,31.0,36083.0,Master,,,14621.0,13290.0,Non
398,52.0,63456.0,Doctorat,Paris,87.0,28403.0,26378.0,Non
399,36.0,36826.0,Master,Paris,85.0,13613.0,13794.0,Non
400,67.0,51188.0,Licence,Marseille,19.0,3883.0,20078.0,Non
401,38.0,26944.0,Doctorat,Marseille,84.0,386.0,9680.0,Oui
402,36.0,99761.0,Bac,Marseille,57.0,37066.0,38790.0,Oui
403,42.0,57727.0,Doctorat,Paris,63.0,22247.0,23440.0,Non
404,53.0,30038.0,,,68.0,6298.0,12708.0,Non
405,47.0,81634.0,Master,Marseille,67.0,38724.0,31842.0,Non
406,51.0,99050.0,Master,Lyon,94.0,6471.0,33163.0,Non
407,51.0,96253.0,Doctorat,Lyon,67.0,32414.0,40612.0,Non
408,48.0,83487.0,Master,Lyon,81.0,1735.0,27695.0,Non
409,56.0,82904.0,Bac,Paris,67.0,25344.0,31370.0,Non
410,36.0,45750.0,Bac,Marseille,64.0,13591.0,16853.0,Oui
411,25.0,40235.0,Doctorat,?,82.0,5028.0,15763.0,Non
412,41.0,99227.0,Bac,Marseille,72.0,20511.0,,Non
413,48.0,52713.0,Doctorat,Lyon,95.0,19864.0,23895.0,Oui
414,32.0,73608.0,Licence,Paris,86.0,22141.0,27360.0,Non
415,34.0,73161.0,Doctorat,Paris,98.0,27292.0,32292.0,Non
416,46.0,34008.0,Master,Marseille,88.0,5561.0,12320.0,Non
417,53.0,58148.0,Master,Paris,66.0,19817.0,26145.0,Non
418,34.0,54129.0,Bac,Paris,34.0,19209.0,20096.0,Non
419,27.0,27180.0,Master,Paris,78.0,10407.0,10944.0,Non
420,34.0,69040.0,Licence,Paris,73.0,22149.0,26608.0,Oui
421,54.0,32508.0,Licence,Marseille,95.0,7906.0,11510.0,?
422,65.0,20355.0,Bac,,72.0,5709.0,7282.0,Non
423,53.0,96423.0,Bac,Paris,31.0,42549.0,38367.0,Non
424,50.0,98692.0,Licence,Paris,61.0,7066.0,34642.0,Oui
425,20.0,73283.0,Bac,,90.0,3797.0,28032.0,Non
426,60.0,88016.0,Bac,Lyon,98.0,5187.0,29268.0,Non
427,27.0,35132.0,Licence,Lyon,90.0,16685.0,13280.0,Non
428,52.0,66813.0,Bac,Lyon,83.0,15861.0,25455.0,Non
429,53.0,30193.0,Licence,Paris,82.0,4255.0,10143.0,Non
430,,17745.0,Doctorat,Marseille,96.0,6874.0,6364.0,Non
431,47.0,45116.0,Licence,Marseille,79.0,17542.0,17312.0,Non
432,24.0,35093.0,Doctorat,Marseille,67.0,17102.0,14882.0,Non
433,64.0,19426.0,Doctorat,Paris,62.0,2165.0,6468.0,Non
434,21.0,17204.0,Licence,Lyon,69.0,675.0,6726.0,Non
435,61.0,36607.0,Bac,Marseille,86.0,12042.0,12968.0,Non
436,28.0,70835.0,Licence,Paris,80.0,7505.0,29297.0,Non
437,59.0,61473.0,Master,Paris,67.0,25047.0,23044.0,Non
438,57.0,22006.0,Doctorat,Marseille,92.0,3352.0,9283.0,Non
439,64.0,51081.0,Licence,Paris,29.0,16302.0,19842.0,Non
440,28.0,91721.0,Licence,Marseille,86.0,23415.0,35052.0,Non
441,38.0,79805.0,Licence,Lyon,68.0,22171.0,29360.0,Non
442,,,Licence,Paris,97.0,17992.0,21037.0,Non
443,34.0,,Licence,Marseille,98.0,599851.0,103785.0,Non
444,33.0,40851.0,Doctorat,,34.0,4794.0,15230.0,Non
445,54.0,53870.0,,-,80.0,913.0,18361.0,
446,61.0,18642.0,Bac,Lyon,97.0,4949.0,7482.0,Non
447,19.0,23711.0,Bac,,86.0,3838.0,7488.0,Non
448,47.0,36542.0,Bac,Marseille,27.0,14181.0,15021.0,Non
449,39.0,99388.0,Licence,Paris,82.0,12130.0,38073.0,Non
450,,33601.0,Doctorat,Lyon,81.0,4515.0,11450.0,Oui
451,44.0,98596.0,Bac,Lyon,31.0,20206.0,40483.0,Non
452,44.0,82712.0,Doctorat,Paris,57.0,16733.0,34121.0,Non
453,47.0,18696.0,Master,Marseille,71.0,7401.0,8006.0,Non
454,69.0,97612.0,Master,Lyon,55.0,10139.0,35485.0,Non
455,62.0,1253494.0,Licence,Marseille,95.0,153001.0,485324.0,Non
456,18.0,58361.0,Doctorat,Paris,58.0,17216.0,21457.0,Non
457,28.0,64812.0,Master,Lyon,61.0,29042.0,24982.0,
458,24.0,22812.0,Bac,Lyon,96.0,10163.0,8700.0,Non
459,,35700.0,Doctorat,Paris,93.0,930.0,11662.0,Non
460,63.0,46555.0,Licence,Marseille,10.0,9805.0,17683.0,Non
461,,,Bac,Lyon,,9681.0,20460.0,Non
462,20.0,42056.0,Master,Paris,77.0,19606.0,16022.0,Non
463,48.0,72149.0,Bac,Paris,60.0,2652.0,28800.0,Non
464,27.0,92116.0,Doctorat,Marseille,31.0,33841.0,34080.0,Non
465,45.0,35466.0,Master,Marseille,67.0,7699.0,12013.0,Non
466,67.0,28156.0,Bac,Marseille,90.0,13869.0,12153.0,Non
467,39.0,17708.0,Doctorat,Paris,85.0,6718.0,7071.0,Non
468,49.0,93077.0,Bac,Paris,19.0,22907.0,32568.0,Non
469,34.0,93958.0,Bac,Marseille,92.0,36884.0,40330.0,Non
470,42.0,48872.0,Bac,Marseille,94.0,4803.0,19928.0,
471,56.0,34456.0,Master,Marseille,71.0,865.0,10881.0,Oui
472,58.0,36644.0,Licence,Lyon,57.0,2500.0,12022.0,Non
473,66.0,15174.0,Bac,Marseille,71.0,2980.0,4905.0,Non
474,32.0,48919.0,Doctorat,Lyon,97.0,20600.0,21645.0,Non
475,57.0,41400.0,Licence,Lyon,58.0,11753.0,14529.0,Non
476,46.0,71184.0,Bac,Paris,55.0,11484.0,30704.0,Non
477,33.0,82391.0,Licence,Marseille,25.0,6141.0,30724.0,Non
478,27.0,,Doctorat,Marseille,,10811.0,22140.0,Non
479,54.0,26889.0,Doctorat,,,3529.0,8631.0,Non
480,25.0,15112.0,Doctorat,Lyon,59.0,,7023.0,Non
481,34.0,25808.0,Doctorat,Lyon,87.0,3871.0,10835.0,Non
482,65.0,41049.0,Licence,Marseille,87.0,13318.0,15528.0,Non
483,24.0,90277.0,Master,Marseille,83.0,5387.0,35617.0,Non
484,46.0,95702.0,Licence,Paris,35.0,22064.0,38452.0,Non
485,27.0,31901.0,Licence,Paris,18.0,11853.0,13215.0,Non
486,43.0,29256.0,--,Paris,57.0,3236.0,12146.0,Non
487,42.0,86291.0,Doctorat,,80.0,26386.0,?,Non
488,56.0,82054.0,Licence,,74.0,24906.0,33097.0,Non
489,37.0,31193.0,Licence,Paris,57.0,6017.0,13716.0,Oui
490,44.0,60800.0,Master,Marseille,83.0,5794.0,22154.0,Non
491,36.0,70561.0,Bac,Marseille,75.0,7711.0,27218.0,Non
492,39.0,99381.0,Bac,Paris,58.0,46586.0,39909.0,Non
493,,16920.0,Licence,Paris,96.0,6299.0,7531.0,Non
494,23.0,1919920.0,Licence,Lyon,89.0,856529.0,750648.0,Non
495,38.0,75686.0,Doctorat,Paris,81.0,1092.0,26464.0,Non
496,45.0,90945.0,Licence,Paris,77.0,3138.0,31598.0,Non
497,69.0,75128.0,Bac,Lyon,88.0,3053.0,25153.0,Non
498,67.0,65489.0,Bac,Marseille,84.0,31187.0,24473.0,Non
499,27.0,75030.0,,Marseille,57.0,23426.0,30522.0,Non
500,18.0,97522.0,Licence,,71.0,44974.0,,Non
501,23.0,97214.0,Bac,Paris,18.0,2639.0,32899.0,Oui
502,38.0,35025.0,Master,Marseille,94.0,7945.0,12520.0,Non
503,60.0,62195.0,Licence,Lyon,65.0,18872.0,24924.0,Non
504,30.0,43927.0,Master,Paris,78.0,20394.0,19830.0,Oui
505,32.0,50842.0,Licence,Lyon,55.0,23528.0,21801.0,Non
506,38.0,50529.0,Doctorat,Paris,57.0,20662.0,18646.0,Non
507,37.0,27356.0,Bac,Marseille,77.0,3690.0,8999.0,Non
508,69.0,17591.0,Master,Paris,96.0,3395.0,7028.0,Non
509,56.0,38408.0,Bac,Paris,89.0,6950.0,13868.0,Non
510,58.0,47854.0,Bac,Marseille,84.0,10777.0,17405.0,Non
511,39.0,16700.0,Master,Paris,77.0,3682.0,6140.0,Non
512,57.0,56605.0,Doctorat,Lyon,87.0,10141.0,19002.0,Non
513,60.0,56458.0,Licence,Lyon,90.0,3840.0,17886.0,Non
514,59.0,84166.0,,Marseille,69.0,31747.0,,Non
515,,,Master,Paris,73.0,,23090.0,Non
516,57.0,23640.0,Bac,Lyon,67.0,10320.0,9732.0,Non
517,51.0,80774.0,Bac,Paris,83.0,18186.0,28195.0,Non
518,41.0,76510.0,Bac,Paris,57.0,8424.0,29848.0,Non
519,66.0,15192.0,,Lyon,79.0,5163.0,5536.0,Non
520,20.0,51468.0,Master,Lyon,79.0,18957.0,21058.0,Non
521,26.0,48272.0,Licence,Paris,95.0,13056.0,18143.0,Non
522,46.0,19994.0,Master,Paris,94.0,351.0,,Non
523,65.0,17581.0,Licence,Marseille,90.0,7480.0,7321.0,Non
524,69.0,52548.0,Licence,Lyon,69.0,6487.0,18347.0,Oui
525,46.0,41946.0,Master,Marseille,94.0,1831.0,15485.0,Non
526,21.0,17890.0,Licence,Marseille,81.0,3503.0,5976.0,Non
527,,62664.0,Bac,Marseille,69.0,,23466.0,Non
528,53.0,31633.0,Licence,Paris,93.0,10817.0,,Non
529,69.0,78972.0,Master,Paris,82.0,8334.0,33015.0,Non
530,45.0,92241.0,Bac,Marseille,75.0,30487.0,35867.0,Non
531,53.0,41069.0,Licence,,67.0,14754.0,16726.0,Non
532,33.0,77522.0,Bac,Paris,84.0,33771.0,28889.0,Non
533,27.0,36839.0,Bac,Lyon,66.0,8380.0,12397.0,Non
534,40.0,46455.0,Bac,Lyon,57.0,21840.0,20122.0,Non
535,47.0,46709.0,,Paris,67.0,15451.0,16163.0,Non
536,24.0,67198.0,Bac,Marseille,86.0,25724.0,27097.0,Non
537,23.0,64145.0,Bac,Paris,55.0,15225.0,23538.0,Non
538,39.0,35884.0,Doctorat,,60.0,7901.0,13854.0,Non
539,63.0,31103.0,Master,Paris,67.0,12890.0,12684.0,Non
540,19.0,65357.0,Bac,Lyon,74.0,29575.0,28354.0,Non
541,48.0,29908.0,Licence,Marseille,12.0,8669.0,11327.0,Oui
542,33.0,,Master,Marseille,,,24751.0,Non
543,65.0,47933.0,Master,,26.0,18383.0,16961.0,Oui
544,49.0,51607.0,Master,Lyon,70.0,11005.0,19028.0,Non
545,27.0,90324.0,Bac,Marseille,56.0,32211.0,39212.0,Non
546,60.0,,Master,Marseille,32.0,31050.0,21741.0,Oui
547,22.0,3288107.0,Licence,Lyon,74.0,1547273.0,1545365.0,Non
548,31.0,45908.0,Licence,Marseille,72.0,2934.0,18230.0,Non
549,28.0,51182.0,Bac,,95.0,2262.0,15522.0,Non
550,39.0,79575.0,Master,Paris,66.0,2446.0,,Non
551,67.0,74821.0,Licence,Lyon,87.0,23101.0,24776.0,Non
552,60.0,49087.0,Licence,Lyon,37.0,12240.0,18548.0,Oui
553,47.0,40380.0,Bac,Lyon,80.0,15056.0,15920.0,Non
554,61.0,91949.0,Doctorat,Paris,84.0,42175.0,37239.0,Non
555,37.0,61223.0,,Lyon,70.0,26501.0,28648.0,Non
556,64.0,74546.0,Bac,Marseille,63.0,37172.0,34229.0,Non
557,37.0,97384.0,Master,Marseille,17.0,45865.0,36370.0,Oui
558,47.0,29715.0,Master,Paris,26.0,10042.0,13360.0,Non
559,59.0,49314.0,Licence,Lyon,88.0,11969.0,19228.0,Non
560,67.0,60619.0,Master,Paris,91.0,23159.0,23597.0,Non
561,57.0,52099.0,Doctorat,Marseille,62.0,6129.0,18603.0,Non
562,27.0,30408.0,Doctorat,Paris,90.0,3440.0,12424.0,Non
563,39.0,53225.0,Doctorat,Lyon,33.0,2690.0,21439.0,null
564,19.0,60066.0,Doctorat,Lyon,59.0,14683.0,24217.0,Non
565,27.0,37765.0,Doctorat,Marseille,77.0,1900.0,12866.0,Non
566,48.0,45134.0,Licence,Paris,63.0,4669.0,13798.0,Non
567,42.0,43018.0,Doctorat,Paris,24.0,1377.0,18026.0,Non
568,56.0,46379.0,Licence,Marseille,67.0,17318.0,17932.0,Non
569,29.0,32618.0,Doctorat,Marseille,72.0,2295.0,11622.0,Non
570,56.0,50303.0,Bac,Paris,14.0,13077.0,18159.0,Non
571,30.0,16881.0,Licence,Marseille,93.0,7880.0,6305.0,Non
572,30.0,95357.0,Master,Lyon,30.0,13973.0,36133.0,Non
573,45.0,21901.0,Licence,Lyon,92.0,10627.0,8522.0,Non
574,25.0,40805.0,Doctorat,Marseille,36.0,7155.0,13454.0,Non
575,48.0,27100.0,Licence,Paris,85.0,3168.0,9463.0,Non
576,37.0,26669.0,Doctorat,Paris,96.0,10624.0,9972.0,Non
577,,15336.0,Licence,Paris,67.0,858.0,5846.0,Non
578,25.0,92485.0,Doctorat,Marseille,67.0,22136.0,36044.0,Non
579,66.0,33108.0,Doctorat,Marseille,72.0,8652.0,11556.0,Non
580,47.0,3957521.0,Bac,Lyon,67.0,1347361.0,1411564.0,Non
581,,94414.0,Bac,Marseille,63.0,,38774.0,Non
582,61.0,62574.0,Doctorat,Lyon,63.0,26356.0,21984.0,Non
583,18.0,61922.0,Licence,Paris,66.0,22604.0,21803.0,Non
584,31.0,72415.0,Master,Lyon,97.0,29162.0,25662.0,Non
585,68.0,37800.0,Bac,Lyon,75.0,15845.0,,Non
586,23.0,40068.0,Doctorat,Marseille,95.0,5953.0,16093.0,Non
587,68.0,73160.0,Bac,Marseille,94.0,34185.0,26982.0,Non
588,45.0,,Master,Lyon,92.0,11483.0,23519.0,Non
589,68.0,59757.0,Licence,Paris,67.0,898.0,19377.0,Oui
590,49.0,53134.0,Doctorat,Lyon,89.0,4235.0,18772.0,Non
591,45.0,27497.0,Doctorat,Paris,,12926.0,11756.0,Non
592,67.0,59523.0,Master,Paris,66.0,8556.0,24279.0,Non
593,31.0,20698.0,Licence,Lyon,63.0,7825.0,8377.0,Non
594,57.0,23002.0,Doctorat,Paris,81.0,856.0,9280.0,Non
595,32.0,27392.0,Bac,Lyon,77.0,12146.0,11260.0,Non
596,37.0,35566.0,Doctorat,Marseille,79.0,13072.0,15754.0,Non
597,20.0,44523.0,Bac,Lyon,87.0,2996.0,13540.0,Non
598,32.0,34309.0,Doctorat,Marseille,75.0,10154.0,14352.0,Non
599,22.0,71683.0,Master,Marseille,72.0,4434.0,22747.0,Non
600,52.0,90414.0,Doctorat,Marseille,64.0,15382.0,27936.0,Non
601,66.0,19298.0,Bac,Paris,91.0,1315.0,7701.0,Non
602,62.0,91996.0,Bac,Marseille,55.0,32461.0,35078.0,Non
603,68.0,33395.0,Doctorat,Marseille,62.0,5183.0,12377.0,Non
604,45.0,2769798.0,Master,Lyon,88.0,96032.0,893993.0,Non
605,69.0,69710.0,Licence,Paris,55.0,5406.0,22333.0,Non
606,59.0,35884.0,Master,Paris,89.0,6527.0,15391.0,Non
607,25.0,74993.0,Bac,Paris,68.0,34295.0,30347.0,Non
608,52.0,57222.0,Doctorat,Paris,81.0,22484.0,21372.0,Non
609,48.0,24275.0,Licence,Paris,26.0,5247.0,9074.0,Non
610,51.0,59036.0,Licence,,72.0,10197.0,24340.0,Non
611,31.0,75294.0,,Marseille,97.0,2377.0,30526.0,Non
612,52.0,33323.0,Doctorat,Marseille,98.0,13635.0,14632.0,Non
613,34.0,65225.0,Bac,Marseille,67.0,17644.0,23428.0,Non
614,31.0,44134.0,Master,Lyon,70.0,18332.0,16294.0,Non
615,21.0,20313.0,Master,Marseille,78.0,9844.0,8639.0,Non
616,48.0,90308.0,Licence,Marseille,28.0,17701.0,30201.0,Oui
617,33.0,90209.0,Licence,Lyon,83.0,18504.0,36708.0,Non
618,51.0,,Master,Paris,,13792.0,24987.0,Non
619,40.0,34601.0,Master,Lyon,91.0,15631.0,15711.0,Non
620,23.0,93270.0,Master,Lyon,71.0,32773.0,37777.0,Non
621,21.0,,Bac,Lyon,89.0,,22762.0,Non
622,37.0,99726.0,Master,Paris,12.0,49746.0,,Oui
623,29.0,,,Marseille,32.0,3290.0,17377.0,Oui
624,64.0,50699.0,Doctorat,Marseille,82.0,3748.0,18862.0,Non
625,65.0,16609.0,Licence,Lyon,84.0,981.0,6101.0,Non
626,58.0,92154.0,Doctorat,Lyon,65.0,1992.0,32929.0,Non
627,38.0,42526.0,Master,Paris,56.0,19730.0,,Oui
628,59.0,75410.0,Master,Paris,89.0,1812.0,30217.0,Non
629,43.0,94211.0,Master,Marseille,96.0,28102.0,31600.0,Non
630,30.0,20877.0,Licence,Lyon,81.0,5999.0,7969.0,Non
631,25.0,27205.0,Master,Paris,71.0,3228.0,9084.0,Non
632,34.0,75372.0,Doctorat,Paris,90.0,17375.0,26984.0,Non
633,46.0,30972.0,Licence,Marseille,64.0,10368.0,12155.0,Non
634,69.0,84518.0,Doctorat,Marseille,73.0,9800.0,31587.0,Non
635,38.0,,Doctorat,Paris,60.0,6987.0,23123.0,Oui
636,19.0,56743.0,Licence,Paris,84.0,11464.0,19605.0,Non
637,40.0,98829.0,Bac,Lyon,90.0,6901.0,,Non
638,68.0,78928.0,Doctorat,Paris,72.0,2541.0,30570.0,Oui
639,40.0,18748.0,Licence,Lyon,98.0,933.0,6847.0,Non
640,59.0,61686.0,Master,Marseille,85.0,20548.0,24406.0,Non
641,38.0,,Master,Paris,64.0,13479.0,23101.0,Non
642,41.0,97063.0,Doctorat,Lyon,85.0,33744.0,35766.0,Non
643,18.0,41627.0,Master,?,66.0,1234.0,15304.0,Non
644,50.0,22135.0,Bac,Marseille,96.0,8805.0,7969.0,Non
645,59.0,25770.0,Licence,Marseille,20.0,12428.0,10984.0,Non
646,20.0,17537.0,Master,Paris,26.0,6040.0,7597.0,Oui
647,47.0,77559.0,Bac,Lyon,94.0,13081.0,27233.0,Non
648,58.0,66502.0,Bac,Lyon,76.0,4640.0,23293.0,Non
649,67.0,58169.0,Doctorat,Lyon,66.0,10043.0,23163.0,Non
650,29.0,84345.0,Doctorat,Marseille,55.0,28651.0,29685.0,Non
651,53.0,28210.0,Licence,Marseille,56.0,979.0,8908.0,Non
652,29.0,47083.0,Bac,Marseille,64.0,13083.0,20397.0,Non
653,54.0,84517.0,Licence,Lyon,60.0,30444.0,34941.0,Non
654,53.0,58646.0,,Paris,34.0,9434.0,22992.0,Oui
655,62.0,22697.0,Licence,Marseille,70.0,2650.0,9096.0,Oui
656,21.0,,Master,Marseille,66.0,14513.0,22127.0,Non
657,62.0,99284.0,Master,Lyon,98.0,45957.0,35965.0,Non
658,64.0,58116.0,Master,Marseille,68.0,3947.0,22758.0,Non
659,50.0,28666.0,Bac,Marseille,77.0,11738.0,10913.0,Non
660,30.0,58298.0,Bac,Paris,79.0,11553.0,22394.0,Non
661,19.0,99698.0,Bac,Marseille,98.0,5718.0,,Non
662,28.0,93389.0,Doctorat,Marseille,80.0,3945.0,31566.0,Non
663,,33624.0,Master,Lyon,55.0,6971.0,13320.0,Oui
664,46.0,84639.0,Bac,Marseille,89.0,28493.0,34295.0,Oui
665,61.0,98564.0,Doctorat,Paris,73.0,36254.0,40446.0,Non
666,62.0,67664.0,Licence,Marseille,76.0,8386.0,24864.0,Non
667,25.0,55745.0,Licence,Marseille,97.0,8146.0,17543.0,Non
668,26.0,99719.0,Master,Marseille,85.0,4256.0,32171.0,Non
669,28.0,96418.0,Licence,Lyon,60.0,12884.0,33158.0,Oui
670,55.0,98163.0,Bac,Marseille,61.0,31811.0,40308.0,Non
671,21.0,88369.0,Licence,Lyon,91.0,1790.0,28089.0,Non
672,41.0,89328.0,Bac,Lyon,58.0,18223.0,30080.0,Oui
673,66.0,94481.0,Master,Lyon,77.0,15666.0,32277.0,Non
674,60.0,19633.0,Bac,Lyon,87.0,5063.0,7991.0,Non
675,31.0,35827.0,Bac,Marseille,84.0,16878.0,15708.0,Non
676,62.0,29327.0,Bac,Marseille,92.0,6837.0,11000.0,Non
677,42.0,57832.0,Licence,Paris,64.0,8016.0,19296.0,Non
678,65.0,,Master,Paris,88.0,803.0,21802.0,Non
679,21.0,23921.0,Doctorat,Paris,63.0,1394.0,,Non
680,25.0,27242.0,Doctorat,Lyon,97.0,7825.0,9220.0,Non
681,31.0,15507.0,Bac,Marseille,85.0,4681.0,6586.0,Non
682,34.0,20037.0,Licence,Marseille,84.0,987.0,6524.0,Oui
683,28.0,86947.0,Licence,Lyon,61.0,29775.0,30837.0,Non
684,43.0,,Licence,Marseille,85.0,2179916.0,285417.0,Non
685,47.0,82616.0,Licence,Paris,84.0,1719.0,27332.0,Non
686,26.0,41140.0,Bac,Marseille,69.0,12715.0,16513.0,
687,56.0,33690.0,Master,Marseille,92.0,3908.0,12237.0,Non
688,50.0,96502.0,Licence,Marseille,72.0,13470.0,,Non
689,51.0,32857.0,Doctorat,Marseille,79.0,7499.0,10742.0,Non
690,,43557.0,Master,Marseille,63.0,884.0,14047.0,Oui
691,39.0,99694.0,Bac,Lyon,64.0,27522.0,39712.0,Non
692,32.0,66322.0,Master,Marseille,82.0,8597.0,27955.0,Non
693,52.0,51133.0,Bac,Paris,62.0,7291.0,18301.0,
694,37.0,57674.0,Bac,,77.0,15284.0,22291.0,Non
695,,,Licence,Paris,61.0,3948.0,20785.0,Non
696,55.0,59439.0,Bac,Paris,64.0,28145.0,24126.0,Oui
697,63.0,51824.0,Licence,Paris,80.0,19735.0,22767.0,Non
698,31.0,83472.0,Master,Marseille,59.0,39649.0,37549.0,Non
699,35.0,80066.0,Licence,Lyon,82.0,25980.0,30179.0,Non
700,44.0,70432.0,Doctorat,Paris,88.0,2134.0,25628.0,Non
701,43.0,94823.0,Doctorat,,67.0,8823.0,36933.0,Non
702,,99817.0,Licence,Lyon,66.0,,37840.0,Non
703,67.0,84322.0,Master,Marseille,80.0,36967.0,37051.0,Non
704,62.0,58240.0,Bac,Marseille,76.0,5744.0,23105.0,Non
705,36.0,35918.0,Doctorat,Marseille,82.0,14512.0,13746.0,Non
706,66.0,20730.0,Licence,Marseille,70.0,7071.0,7482.0,Non
707,40.0,29997.0,Doctorat,,62.0,2633.0,9921.0,Non
708,39.0,43756.0,Bac,Paris,77.0,6930.0,16231.0,Non
709,40.0,16375.0,,Paris,77.0,2119.0,6898.0,Non
710,38.0,36398.0,Master,Paris,78.0,13602.0,13386.0,Non
711,57.0,36638.0,Licence,Marseille,63.0,13736.0,13046.0,Oui
712,48.0,17159.0,Bac,Paris,74.0,2368.0,6623.0,Non
713,45.0,38464.0,Licence,Paris,95.0,9737.0,12763.0,Non
714,55.0,98597.0,Licence,Marseille,89.0,3928.0,38752.0,Non
715,36.0,74251.0,Bac,Paris,55.0,7884.0,28379.0,Non
716,62.0,27632.0,,,77.0,6093.0,11148.0,Non
717,33.0,42464.0,Bac,Lyon,88.0,4194.0,15177.0,Non
718,57.0,96441.0,Bac,Paris,75.0,21119.0,34563.0,Non
719,49.0,98434.0,Master,Marseille,84.0,35465.0,33258.0,Non
720,35.0,74123.0,Bac,Paris,58.0,24326.0,28488.0,Non
721,26.0,86833.0,Doctorat,Paris,89.0,24584.0,34410.0,Non
722,22.0,,Master,Lyon,38.0,,24929.0,Non
723,59.0,15066.0,Doctorat,Marseille,63.0,1166.0,5698.0,Non
724,28.0,26772.0,Licence,Paris,67.0,9121.0,-,Non
725,27.0,39648.0,Doctorat,Marseille,77.0,12448.0,13973.0,Non
726,56.0,76084.0,Licence,Lyon,85.0,26546.0,32679.0,Non
727,67.0,60264.0,Bac,Lyon,35.0,17583.0,23995.0,Oui
728,,,Licence,Marseille,74.0,34704.0,21763.0,Non
729,36.0,54867.0,Master,Lyon,70.0,22381.0,24198.0,Non
730,58.0,16515.0,,Marseille,73.0,7903.0,7442.0,-
731,24.0,41928.0,,,62.0,2112.0,14215.0,Oui
732,33.0,16577.0,Bac,Marseille,16.0,7128.0,6619.0,Non
733,51.0,76957.0,Doctorat,Lyon,38.0,13144.0,28645.0,Non
734,34.0,91106.0,Licence,Marseille,88.0,3754.0,30136.0,Non
735,,21221.0,Master,Lyon,93.0,8029.0,8277.0,Non
736,25.0,67335.0,Doctorat,Lyon,18.0,33224.0,31251.0,Non
737,46.0,98255.0,Licence,Marseille,31.0,15770.0,35523.0,Non
738,24.0,65906.0,Doctorat,Lyon,77.0,6093.0,,Non
739,28.0,89417.0,Master,Paris,71.0,21088.0,36931.0,
740,22.0,4143394.0,Doctorat,Marseille,68.0,1403766.0,1500810.0,Non
741,48.0,67091.0,Doctorat,Marseille,68.0,11391.0,,Non
742,32.0,52425.0,Doctorat,Marseille,,16698.0,18617.0,Non
743,30.0,90452.0,Doctorat,Lyon,22.0,44152.0,34875.0,Non
744,32.0,40464.0,Bac,Lyon,61.0,17851.0,15087.0,Oui
745,48.0,36029.0,Licence,Marseille,71.0,8327.0,15505.0,Oui
746,42.0,79604.0,Doctorat,Paris,76.0,8429.0,28884.0,Non
747,33.0,24130.0,Bac,Lyon,58.0,6305.0,8375.0,Non
748,51.0,91368.0,Master,Paris,74.0,987.0,29235.0,Non
749,68.0,94335.0,Bac,Paris,11.0,953.0,34900.0,Oui
750,53.0,71597.0,Licence,Marseille,87.0,26116.0,29638.0,Non
751,18.0,15215.0,Doctorat,Paris,97.0,5699.0,5630.0,Non
752,50.0,48896.0,Master,Lyon,88.0,1778.0,19116.0,Non
753,59.0,92239.0,Licence,Lyon,91.0,31950.0,35662.0,Non
754,59.0,48686.0,Licence,,88.0,11478.0,18500.0,Non
755,20.0,80681.0,Licence,,76.0,31741.0,35661.0,Non
756,21.0,966995.0,Licence,Marseille,80.0,173415.0,381188.0,Non
757,64.0,71754.0,Doctorat,Marseille,74.0,29812.0,25907.0,Non
758,55.0,1466325.0,Bac,Paris,61.0,149111.0,522663.0,Non
759,52.0,93812.0,Licence,Marseille,38.0,,39542.0,Non
760,59.0,28854.0,Licence,Lyon,71.0,4736.0,10280.0,Non
761,40.0,98053.0,Doctorat,Lyon,73.0,16657.0,33784.0,Non
762,51.0,33300.0,Bac,Paris,91.0,3137.0,,Non
763,18.0,89219.0,Master,Paris,80.0,23265.0,38077.0,Non
764,18.0,47016.0,--,Marseille,21.0,14429.0,16539.0,Oui
765,61.0,54725.0,Bac,Lyon,61.0,16427.0,18647.0,Non
766,19.0,39700.0,Bac,Paris,76.0,14781.0,12951.0,Non
767,37.0,91276.0,Licence,Lyon,60.0,19407.0,31565.0,Non
768,40.0,97987.0,Master,Lyon,90.0,9578.0,35457.0,Non
769,44.0,94737.0,Bac,Marseille,70.0,36934.0,39954.0,Non
770,43.0,78656.0,,Marseille,86.0,27633.0,30885.0,Non
771,,,Bac,Lyon,60.0,11642.0,22043.0,Non
772,24.0,70421.0,Doctorat,Paris,96.0,20179.0,28019.0,Non
773,,33984.0,Doctorat,Marseille,82.0,3738.0,11486.0,Non
774,63.0,65617.0,Licence,Marseille,61.0,13938.0,24931.0,Non
775,42.0,96685.0,Doctorat,Marseille,65.0,3607.0,36442.0,Non
776,54.0,34572.0,Licence,Paris,94.0,3853.0,13508.0,Non
777,50.0,85456.0,Licence,Paris,78.0,13738.0,31697.0,Non
778,34.0,38345.0,Doctorat,Lyon,65.0,4896.0,12600.0,Non
779,35.0,47919.0,Licence,Paris,19.0,4382.0,15379.0,Non
780,54.0,16552.0,Bac,Lyon,85.0,196.0,5552.0,Non
781,37.0,85190.0,Master,Paris,81.0,20263.0,32625.0,Non
782,54.0,67057.0,Doctorat,Lyon,80.0,9271.0,24262.0,Non
783,,33100.0,Master,Lyon,28.0,9558.0,13430.0,Oui
784,50.0,72986.0,Master,Paris,89.0,35984.0,27817.0,Non
785,53.0,61854.0,Licence,Lyon,78.0,26230.0,26699.0,Non
786,18.0,44813.0,Doctorat,Lyon,93.0,,15023.0,Non
787,,,Licence,Marseille,68.0,9069.0,20459.0,Non
788,43.0,97643.0,Master,Marseille,38.0,19912.0,35649.0,Non
789,19.0,26549.0,Bac,Lyon,67.0,8308.0,9956.0,Non
790,51.0,79148.0,Doctorat,Lyon,77.0,10190.0,30033.0,Non
791,40.0,21447.0,Doctorat,Lyon,57.0,5388.0,8765.0,Non
792,57.0,47355.0,Licence,Marseille,60.0,12011.0,17447.0,Oui
793,53.0,35659.0,Master,Lyon,94.0,8628.0,12924.0,Non
794,65.0,37884.0,Doctorat,Marseille,65.0,5467.0,15703.0,Non
795,20.0,15534.0,Bac,Paris,57.0,1650.0,6171.0,Oui
796,34.0,81708.0,Bac,Marseille,96.0,27518.0,32861.0,Non
797,52.0,39054.0,Licence,Lyon,21.0,2164.0,14577.0,Non
798,51.0,60689.0,Bac,Paris,85.0,16441.0,20459.0,Non
799,29.0,45825.0,,,27.0,16796.0,19112.0,Oui
800,19.0,23521.0,Licence,Lyon,65.0,7419.0,8208.0,Non
801,29.0,17567.0,Licence,Marseille,90.0,1876.0,-,Non
802,37.0,38331.0,Bac,Lyon,68.0,16460.0,15053.0,Non
803,67.0,35116.0,Doctorat,Lyon,74.0,16226.0,14279.0,Non
804,,61501.0,Licence,Lyon,,10750.0,21872.0,Non
805,23.0,23433.0,Licence,Marseille,62.0,4106.0,8589.0,Non
806,23.0,45077.0,Master,Paris,82.0,2795.0,17363.0,Non
807,49.0,57281.0,Master,Lyon,96.0,2311.0,17038.0,Non
808,43.0,34222.0,Licence,Paris,77.0,2320.0,10622.0,Non
809,24.0,37785.0,Licence,Marseille,88.0,11796.0,13596.0,Non
810,68.0,78221.0,Licence,,62.0,4868.0,32731.0,Oui
811,61.0,39918.0,Doctorat,Paris,35.0,11443.0,16774.0,Non
812,50.0,96731.0,Licence,Marseille,84.0,23814.0,,Non
813,40.0,83416.0,Doctorat,Lyon,62.0,7860.0,29281.0,--
814,65.0,42829.0,,Marseille,80.0,11242.0,15007.0,Non
815,29.0,19763.0,Licence,Paris,21.0,969.0,7527.0,Oui
816,54.0,67311.0,Doctorat,-,63.0,14077.0,23091.0,Non
817,54.0,92129.0,Doctorat,Paris,69.0,10030.0,28670.0,Non
818,24.0,44087.0,Master,Marseille,90.0,16782.0,19333.0,Non
819,18.0,76465.0,Bac,Paris,30.0,18320.0,29173.0,Non
820,62.0,57470.0,Doctorat,Paris,70.0,10201.0,21892.0,Non
821,21.0,46390.0,--,Lyon,66.0,9150.0,20090.0,Non
822,65.0,25763.0,Bac,Lyon,82.0,10729.0,10285.0,Non
823,22.0,4090511.0,Licence,Lyon,92.0,593237.0,1445735.0,Non
824,50.0,61762.0,Bac,Marseille,59.0,12696.0,24378.0,Non
825,68.0,41627.0,Master,Lyon,90.0,20336.0,19105.0,Non
826,29.0,57292.0,Licence,Marseille,34.0,9730.0,23883.0,Oui
827,58.0,71574.0,Bac,Lyon,96.0,33132.0,26389.0,Non
828,69.0,34177.0,Bac,Marseille,71.0,7040.0,13785.0,Non
829,44.0,43333.0,Licence,Lyon,,17327.0,17558.0,Non
830,,15835.0,Master,Marseille,78.0,1175.0,6192.0,Non
831,48.0,83143.0,Master,Marseille,78.0,19852.0,30278.0,Non
832,43.0,75782.0,Bac,Marseille,70.0,18400.0,27953.0,Non
833,61.0,15706.0,Licence,Paris,66.0,4387.0,6547.0,Non
834,21.0,79926.0,Licence,Marseille,74.0,2938.0,28382.0,Non
835,45.0,74342.0,Bac,Lyon,73.0,11850.0,27470.0,Non
836,35.0,42043.0,Doctorat,Marseille,61.0,617.0,13080.0,Non
837,21.0,94553.0,Bac,Marseille,19.0,16199.0,37023.0,Non
838,56.0,94369.0,Licence,Marseille,28.0,25060.0,39757.0,Oui
839,18.0,83685.0,Bac,Lyon,63.0,2766.0,29275.0,Non
840,48.0,34751.0,Licence,Marseille,90.0,9916.0,13714.0,Non
841,30.0,64597.0,Bac,Marseille,98.0,,24613.0,Non
842,23.0,28382.0,Licence,Marseille,70.0,13663.0,11195.0,Oui
843,40.0,25725.0,Licence,Paris,33.0,6210.0,8727.0,Non
844,64.0,86260.0,Master,Paris,12.0,35546.0,40532.0,Oui
845,52.0,59354.0,Bac,Marseille,74.0,9797.0,21030.0,Non
846,62.0,39502.0,Doctorat,Marseille,67.0,7115.0,15545.0,Non
847,26.0,,Master,Marseille,96.0,37396.0,27419.0,Non
848,37.0,26182.0,Licence,Marseille,73.0,9667.0,11364.0,Non
849,56.0,23949.0,Master,Marseille,,1377.0,7249.0,Non
850,21.0,1729003.0,Doctorat,Paris,78.0,606076.0,633375.0,Non
851,35.0,32106.0,Doctorat,Lyon,78.0,13177.0,12517.0,Non
852,40.0,34790.0,Doctorat,Paris,78.0,6073.0,15017.0,Non
853,52.0,65251.0,Doctorat,Paris,55.0,8198.0,22915.0,Non
854,49.0,83475.0,Licence,Lyon,,24198.0,33278.0,Non
855,35.0,44777.0,Doctorat,Lyon,11.0,8610.0,14409.0,Non
856,,29266.0,Master,Paris,23.0,2076.0,9659.0,
857,68.0,66588.0,Licence,Lyon,29.0,11204.0,26712.0,Oui
858,45.0,21378.0,Licence,Lyon,74.0,,9703.0,
859,21.0,94872.0,Master,Paris,96.0,15858.0,34266.0,Non
860,67.0,21523.0,Doctorat,Marseille,64.0,5725.0,,Non
861,61.0,3983974.0,Licence,Paris,93.0,1361194.0,1441209.0,Non
862,23.0,43716.0,Licence,Marseille,98.0,15157.0,17251.0,
863,23.0,23177.0,,,31.0,11058.0,8381.0,Non
864,20.0,73031.0,Bac,Marseille,56.0,5226.0,28708.0,Non
865,56.0,63773.0,Master,Paris,63.0,7432.0,22749.0,Oui
866,,84093.0,Doctorat,Marseille,58.0,10798.0,32963.0,Non
867,57.0,95674.0,Master,Paris,58.0,35957.0,35715.0,Non
868,30.0,53672.0,Doctorat,Paris,95.0,26650.0,19690.0,Non
869,30.0,28107.0,Doctorat,Marseille,31.0,4469.0,8586.0,Non
870,20.0,44113.0,Doctorat,Paris,93.0,1577.0,14024.0,Oui
871,62.0,85601.0,Bac,Paris,,24734.0,34448.0,
872,52.0,40092.0,Licence,Marseille,64.0,12811.0,15826.0,Non
873,51.0,66742.0,Master,Paris,56.0,31070.0,26843.0,Non
874,49.0,83321.0,Licence,,93.0,38710.0,34299.0,Non
875,28.0,84526.0,Master,Lyon,56.0,38110.0,34145.0,Oui
876,37.0,90515.0,Bac,Paris,87.0,21234.0,38812.0,Non
877,64.0,,Licence,Lyon,,21225.0,23142.0,Non
878,27.0,30994.0,,Lyon,70.0,1894.0,11281.0,Non
879,52.0,33316.0,Bac,Marseille,37.0,14503.0,14971.0,Non
880,62.0,,Master,Lyon,81.0,,24084.0,Non
881,24.0,48332.0,Master,Lyon,82.0,14938.0,18006.0,Non
882,32.0,62663.0,Master,Marseille,83.0,26977.0,25240.0,Non
883,68.0,62997.0,Master,Paris,10.0,31442.0,28663.0,Non
884,28.0,74412.0,Master,Marseille,56.0,3124.0,,Non
885,28.0,29016.0,Master,Marseille,82.0,14258.0,11542.0,Non
886,42.0,89323.0,Master,Marseille,72.0,3704.0,32127.0,Non
887,27.0,78745.0,Licence,Lyon,19.0,11404.0,26734.0,Non
888,53.0,80584.0,Master,Lyon,12.0,19674.0,34042.0,Non
889,63.0,29292.0,Bac,,98.0,1112.0,10307.0,Non
890,22.0,24472.0,Doctorat,Paris,85.0,11909.0,10372.0,Non
891,33.0,31532.0,Licence,Lyon,80.0,4095.0,12239.0,Non
892,55.0,78370.0,Doctorat,Paris,92.0,4695.0,25203.0,Non
893,68.0,82847.0,Licence,Lyon,83.0,23012.0,29093.0,Non
894,32.0,40993.0,Bac,,74.0,4215.0,15390.0,Non
895,54.0,77888.0,,Paris,82.0,4957.0,23679.0,Non
896,48.0,,Bac,Paris,81.0,13137.0,18779.0,Non
897,43.0,53826.0,Doctorat,Marseille,96.0,5968.0,19579.0,Non
898,53.0,81617.0,Licence,Lyon,81.0,39318.0,33174.0,Non
899,27.0,52528.0,Licence,Paris,60.0,20521.0,23820.0,Non
900,35.0,17251.0,Licence,Paris,78.0,,,Non
901,18.0,71058.0,Bac,Paris,84.0,8019.0,25233.0,Non
902,20.0,90082.0,Doctorat,Lyon,80.0,22245.0,,Non
903,41.0,35002.0,Doctorat,Marseille,69.0,3038.0,,Non
904,51.0,39398.0,Licence,Marseille,14.0,8221.0,14140.0,Oui
905,27.0,73849.0,Master,Paris,77.0,30882.0,26972.0,Non
906,56.0,26801.0,Bac,Paris,11.0,12178.0,10951.0,Non
907,24.0,76715.0,Licence,Paris,37.0,20347.0,32830.0,Non
908,52.0,99003.0,Bac,Marseille,73.0,39584.0,42777.0,Non
909,68.0,16132.0,Doctorat,Paris,90.0,847.0,5337.0,Non
910,69.0,65639.0,Bac,Lyon,75.0,7677.0,22017.0,Non
911,61.0,94910.0,Bac,Lyon,71.0,42384.0,39005.0,Non
912,48.0,54390.0,Licence,Paris,68.0,26660.0,26175.0,Non
913,52.0,21073.0,Master,Marseille,95.0,8272.0,9901.0,Oui
914,54.0,69659.0,Doctorat,Paris,66.0,11290.0,22135.0,Non
915,34.0,,Master,Paris,19.0,31074.0,22167.0,Non
916,50.0,74025.0,Bac,Lyon,38.0,6636.0,27828.0,Non
917,42.0,64833.0,Bac,Marseille,72.0,15190.0,26412.0,Non
918,66.0,81255.0,Master,Lyon,27.0,24543.0,32122.0,Non
919,55.0,94569.0,Licence,Marseille,79.0,38271.0,41306.0,Non
920,30.0,92261.0,Bac,Paris,88.0,36867.0,39092.0,Non
921,22.0,3055517.0,Master,Lyon,83.0,1252206.0,1101611.0,Non
922,47.0,93209.0,,Marseille,79.0,33312.0,37325.0,Non
923,56.0,2804310.0,Master,Paris,95.0,932139.0,1094380.0,Non
924,48.0,52841.0,Bac,Lyon,96.0,18875.0,20921.0,Non
925,60.0,55097.0,Bac,Lyon,60.0,16269.0,23083.0,
926,20.0,1204824.0,Licence,Paris,96.0,492373.0,448406.0,Oui
927,53.0,74238.0,Licence,Lyon,90.0,4145.0,24865.0,Non
928,63.0,76108.0,Master,Lyon,84.0,19632.0,33123.0,Non
929,64.0,96171.0,Doctorat,Paris,65.0,36887.0,43095.0,Non
930,25.0,76991.0,Doctorat,Lyon,73.0,20312.0,28977.0,Non
931,59.0,55736.0,Master,Paris,70.0,22764.0,24248.0,Non
932,43.0,36575.0,Bac,Lyon,59.0,10728.0,13353.0,Non
933,22.0,45988.0,Doctorat,Paris,87.0,11454.0,16387.0,Non
934,67.0,80305.0,Doctorat,Paris,35.0,18175.0,29304.0,Non
935,66.0,,Licence,Lyon,19.0,17803.0,25609.0,Oui
936,44.0,28275.0,Licence,Paris,83.0,3751.0,11365.0,Non
937,31.0,65713.0,Master,Marseille,77.0,15356.0,24305.0,Non
938,57.0,37760.0,Licence,Paris,,3422.0,13724.0,Non
939,19.0,88953.0,Master,Lyon,92.0,17542.0,,Non
940,59.0,2182245.0,Master,Paris,72.0,1054591.0,752338.0,Non
941,69.0,60890.0,Master,Paris,59.0,29634.0,27574.0,Non
942,45.0,71017.0,Doctorat,Paris,91.0,9350.0,24802.0,Non
943,65.0,73773.0,Doctorat,Marseille,83.0,9377.0,28288.0,Non
944,32.0,62657.0,Bac,Marseille,86.0,11113.0,20689.0,Non
945,19.0,74557.0,Master,Marseille,83.0,6578.0,23758.0,Oui
946,31.0,96199.0,Bac,Paris,80.0,43339.0,42181.0,Oui
947,55.0,44504.0,Bac,Marseille,15.0,11789.0,17941.0,Non
948,61.0,59460.0,Bac,Marseille,57.0,24646.0,,Non
949,29.0,33733.0,Licence,Marseille,18.0,15889.0,14340.0,Oui
950,22.0,44680.0,Licence,Marseille,84.0,9196.0,15482.0,Non
951,68.0,23222.0,Master,Marseille,94.0,6682.0,8955.0,Oui
952,52.0,40988.0,Doctorat,Paris,29.0,10431.0,17166.0,Non
953,55.0,24752.0,Licence,Paris,60.0,4170.0,8008.0,Non
954,20.0,85404.0,,Marseille,79.0,4360.0,27139.0,Non
955,52.0,17017.0,Licence,Marseille,57.0,5359.0,7367.0,Non
956,37.0,18543.0,Doctorat,Lyon,33.0,5154.0,7476.0,Non
957,33.0,80867.0,Bac,Paris,79.0,4740.0,28170.0,Non
958,49.0,36359.0,Master,Paris,77.0,2165.0,14544.0,Non
959,30.0,38519.0,Licence,Marseille,59.0,4833.0,15156.0,Oui
960,58.0,28265.0,,Lyon,35.0,899.0,8887.0,Oui
961,33.0,54385.0,Licence,Paris,68.0,16035.0,19810.0,Non
962,50.0,39976.0,Master,Paris,68.0,10767.0,13981.0,Non
963,47.0,22526.0,Doctorat,Paris,87.0,9408.0,9314.0,Oui
964,,16951.0,Bac,Lyon,81.0,7714.0,7545.0,Non
965,54.0,44592.0,Doctorat,Lyon,75.0,2767.0,16585.0,Oui
966,33.0,57748.0,,Marseille,61.0,9721.0,23103.0,Non
967,33.0,17850.0,Bac,Paris,13.0,2611.0,6143.0,Oui
968,49.0,19055.0,Master,Paris,82.0,,8291.0,
969,55.0,86621.0,Master,Paris,91.0,9566.0,32985.0,Non
970,51.0,30385.0,Bac,Lyon,61.0,5552.0,10237.0,Non
971,48.0,99585.0,Doctorat,Paris,90.0,4994.0,33419.0,Non
972,65.0,95373.0,Master,Paris,72.0,6899.0,39230.0,Non
973,54.0,24107.0,Licence,Lyon,84.0,1583.0,9175.0,Non
974,52.0,31138.0,,Paris,90.0,11411.0,,Non
975,36.0,44086.0,Master,Paris,83.0,12098.0,17912.0,Non
976,43.0,68331.0,Master,Lyon,32.0,29125.0,32241.0,Non
977,68.0,24719.0,Licence,Marseille,65.0,9733.0,10539.0,Non
978,67.0,16737.0,Master,Paris,21.0,4597.0,6635.0,Non
979,56.0,56034.0,Master,Paris,97.0,27896.0,24476.0,Non
980,65.0,18771.0,Doctorat,Lyon,59.0,2530.0,6776.0,Non
981,31.0,47376.0,Master,Marseille,72.0,1700.0,15372.0,Non
982,68.0,42472.0,Master,Marseille,76.0,633.0,15233.0,Non
983,29.0,15769.0,Master,Marseille,86.0,1056.0,5599.0,Non
984,45.0,40757.0,Bac,Lyon,78.0,3116.0,16795.0,
985,,,Licence,Lyon,24.0,,24015.0,Non
986,41.0,15555.0,Doctorat,Paris,17.0,5515.0,6735.0,Non
987,,74274.0,Licence,Lyon,83.0,34468.0,,Non
988,35.0,35187.0,Doctorat,Lyon,30.0,7265.0,13224.0,Non
989,44.0,48760.0,Bac,Lyon,93.0,14004.0,21166.0,Non
990,43.0,34462.0,Master,Marseille,82.0,1142.0,12439.0,Non
991,67.0,20609.0,Licence,Paris,82.0,246.0,7194.0,Oui
992,61.0,61057.0,Licence,Marseille,65.0,13160.0,23213.0,Non
993,,17413.0,Licence,Lyon,,6632.0,7502.0,Non
994,35.0,94731.0,Licence,Paris,69.0,16612.0,38585.0,Oui
995,57.0,63114.0,Master,Marseille,36.0,26494.0,27241.0,Non
996,50.0,37301.0,Licence,Marseille,72.0,15772.0,16423.0,Non
997,19.0,18845.0,Master,Marseille,83.0,8876.0,8012.0,Non
998,19.0,72089.0,Bac,Paris,98.0,23777.0,30114.0,Non
999,,66040.0,Master,Lyon,94.0,26672.0,null,Non
1000,49.0,78722.0,Doctorat,Paris,,34258.0,31091.0,Non
