Age,Salaire_Annuel,Score_Credit_Externe,Ratio_Epargne_Salaire,Niveau_Etude_encoded,Ville_lyon,Ville_marseille,Ville_paris
-1.4091320482830831,-1.0252428873791741,-1.72,1.5461194801366296,-1.0,0.0,1.0,0.0
1.5597263129850925,0.46930744433324184,-2.4,-0.8714579588238218,-1.0,0.0,1.0,0.0
1.2062907937865002,-0.1671243651877937,-1.48,0.05007089583659599,-1.0,1.0,0.0,0.0
-0.20745128300786916,-1.4224904551154098,0.12,-0.8516508811846117,-1.0,0.0,0.0,1.0
-1.7625675674816754,-1.5065049474693126,0.92,0.903333358730395,-1.0,0.0,0.0,1.0
0.428732651549597,0.4400273540875348,0.0,0.3352840311102449,-1.0,1.0,0.0,0.0
1.4183521053056556,0.1647689462612443,-0.52,-0.21804742135600877,-1.0,0.0,1.0,0.0
0.7114810669084709,0.2101933388447662,0.64,0.05567419082523333,-1.0,0.0,1.0,0.0
-0.3488254906873061,0.592579119949374,-0.04,-1.2939330369197797,-1.0,0.0,1.0,0.0
-0.9850094252447723,-1.207454824072735,-2.12,-1.5111659718154096,-1.0,0.0,0.0,1.0
-0.63157390604618,-0.44953586888078706,-0.36,-0.8652800227266662,-1.0,1.0,0.0,0.0
-1.6918804636419569,-0.8699213831237635,-0.28,0.4935010338787197,-1.0,1.0,0.0,0.0
-1.1970707367639277,-0.07797523235367174,-1.88,0.14477594819566855,-1.0,0.0,1.0,0.0
-0.2781383868475876,0.0747194002734735,0.12,1.0794147891221628,-1.0,1.0,0.0,0.0
-1.55050625596252,0.3903461255228416,0.0,-1.6162917895801945,-1.0,0.0,1.0,0.0
0.7821681707481893,-1.41019691517189,0.44,-1.833626080454821,-1.0,1.0,0.0,0.0
-1.55050625596252,-0.23174432469766204,-0.32,-0.33055994008688905,-1.0,1.0,0.0,0.0
-1.7625675674816754,-0.27129322218809776,0.76,0.05567419082523333,-1.0,1.0,0.0,0.0
-1.7625675674816754,-0.21641670163606808,-2.12,0.45234012861996825,-1.0,0.0,1.0,0.0
1.5597263129850925,-1.341232490098843,0.64,1.22813481391163,-1.0,0.0,1.0,0.0
-0.7022610098858985,0.5287437929377681,0.36,-0.2719317829193671,-1.0,1.0,0.0,0.0
0.9942294822673448,0.3918473952620068,0.4,0.4837041213607371,-1.0,0.0,1.0,0.0
-0.5608868022064615,0.24276951274423106,0.2,0.0179686585680434,-1.0,1.0,0.0,0.0
1.1356036899467816,0.4494543459582364,-0.2,0.9204132760044336,-1.0,0.0,1.0,0.0
0.2873584438701601,0.2021257094996682,-2.28,0.9168420263238064,-1.0,1.0,0.0,0.0
-0.7729481137256169,0.11198504910373781,0.48,-0.4801345272419507,-1.0,0.0,1.0,0.0
-1.6211933598022386,-0.09832453912555542,-1.4,1.3159890057031065,-1.0,1.0,0.0,0.0
-0.8436352175653353,0.5456426169686407,0.32,-0.12094732795174495,-1.0,0.0,1.0,0.0
-0.06607707532843224,-0.10704407905044613,-0.72,-0.42892547024618466,-1.0,0.0,1.0,0.0
-0.06607707532843224,-0.883308331855748,-0.64,-1.5748653521181375,-1.0,1.0,0.0,0.0
0.9942294822673448,-1.0026250506259695,-0.28,1.2973624888213477,-1.0,1.0,0.0,0.0
0.2873584438701601,-0.9619517371705631,0.88,0.2905054453531275,-1.0,0.0,0.0,1.0
0.7821681707481893,-0.2769464916336242,0.04,-1.4009648342673222,-1.0,1.0,0.0,0.0
-1.4798191521228015,4.640799210101749,0.0,1.5064504453760104,-1.0,1.0,0.0,0.0
-0.8436352175653353,0.3220773226543519,0.92,-1.66112082463653,-1.0,0.0,1.0,0.0
1.4183521053056556,0.35969353390740066,0.04,-0.056767048523366004,-1.0,0.0,0.0,1.0
0.14598423619072315,0.25520319462524926,0.68,-0.8338390934515207,-1.0,0.0,0.0,1.0
-0.06607707532843224,0.5568537978843793,0.24,-1.6806945605539536,-1.0,1.0,0.0,0.0
-0.5608868022064615,-0.19466248778688514,-2.2,-1.1570671687233292,-1.0,0.0,0.0,1.0
0.0,-0.3997597928012614,-1.48,-0.6381159037634441,-1.0,0.0,1.0,0.0
-0.8436352175653353,-0.16384440296396963,0.52,-0.019362766148858103,-1.0,0.0,0.0,1.0
-0.3488254906873061,0.007926425275320451,-0.4,0.05567419082523333,-1.0,0.0,0.0,1.0
-1.55050625596252,0.15183487689831018,0.12,-0.15571389687236986,-1.0,0.0,1.0,0.0
-0.5608868022064615,-0.2722122133657798,-2.52,-0.3676069693768416,-1.0,1.0,0.0,0.0
-1.3384449444433646,-0.5508756626972701,-0.28,1.6077341646611207,-1.0,0.0,1.0,0.0
-0.7729481137256169,-0.26584552156455793,-1.56,0.8990715151338297,-1.0,1.0,0.0,0.0
0.0,-0.5997734470708667,-0.76,-0.25564906804806936,-1.0,1.0,0.0,0.0
-1.1263836329242092,-0.46696442125391663,0.12,-1.5002710130738723,-1.0,0.0,1.0,0.0
0.6407939630687525,-1.028553248380514,0.24,-0.8816642459036383,-1.0,0.0,1.0,0.0
0.4994197553893155,0.09553319353001474,-0.6,-0.26867334399292175,-1.0,0.0,1.0,0.0
1.5597263129850925,-1.4062659470484944,0.4,-1.4261270312763588,-1.0,1.0,0.0,0.0
1.8424747283439664,0.0792732087123258,-0.6,1.6038125306873134,-1.0,0.0,0.0,1.0
0.35804554770987856,0.4401917293486726,0.28,-1.7550387231357638,-1.0,1.0,0.0,0.0
0.4994197553893155,-1.0778433948189494,0.88,1.0529967997323484,-1.0,0.0,1.0,0.0
0.0,-0.3038006233043261,-0.44,-1.7592968929467347,-1.0,0.0,1.0,0.0
-1.2677578406036463,-0.8404561727255563,0.92,0.3169606334186285,-1.0,1.0,0.0,0.0
-1.6211933598022386,0.28718128706859586,-0.72,-1.3213492906959725,-1.0,0.0,1.0,0.0
1.5597263129850925,0.592399284557359,-0.08,-1.3148622310202716,-1.0,0.0,0.0,1.0
0.2873584438701601,0.42819901527058923,0.4,-1.7548161770132948,-1.0,0.0,0.0,1.0
-0.20745128300786916,4.743124977256319,-0.68,-0.9006543677246608,-1.0,0.0,0.0,1.0
1.7717876245042479,-0.3326459753749084,0.08,-1.8066280754044721,-1.0,0.0,1.0,0.0
-0.3488254906873061,0.38861364302985124,-0.24,0.2513046734792914,-1.0,1.0,0.0,0.0
-1.1263836329242092,-0.5496055607408655,0.64,1.5328778389835391,-1.0,1.0,0.0,0.0
0.4994197553893155,-1.2078020326055028,-0.52,1.6116092385189638,-1.0,1.0,0.0,0.0
0.0,-1.3829597531418347,0.28,1.4118493637475098,-1.0,1.0,0.0,0.0
-0.49019969836674304,-0.2899964040007028,0.36,0.2275269951536029,-1.0,0.0,0.0,1.0
0.2873584438701601,0.566154106352227,0.2,0.7910106393887109,-1.0,0.0,1.0,0.0
0.5701068592290339,-0.626159964473672,0.2,-0.1022541227330637,-1.0,0.0,1.0,0.0
-0.41951259452702455,0.017223397947577917,0.12,0.16130826453432873,-1.0,0.0,1.0,0.0
0.0752971323510047,0.22326583597369268,0.44,0.6280249823672747,-1.0,0.0,0.0,1.0
-0.7729481137256169,-0.9898302959568213,-0.28,-0.4430838341292457,-1.0,0.0,1.0,0.0
-0.2781383868475876,0.3468658213292113,-0.52,-1.2966800215960064,-1.0,0.0,1.0,0.0
1.4183521053056556,0.334373476547139,0.4,0.11132744346177083,-1.0,1.0,0.0,0.0
0.7114810669084709,0.09723529028713603,0.16,1.2193803331923954,-1.0,1.0,0.0,0.0
1.4890392091453741,0.02595359151594108,-0.24,-1.3517709584686606,-1.0,0.0,1.0,0.0
0.7821681707481893,-0.8553702646328605,0.0,-0.8371186531186929,-1.0,0.0,1.0,0.0
-1.2677578406036463,-0.3945184086232638,0.32,-0.8868308513398472,-1.0,0.0,1.0,0.0
0.004610028511286227,0.578381371809815,0.88,0.39330555938262207,-1.0,0.0,1.0,0.0
-0.2781383868475876,0.2977949420699962,-0.72,-1.2964708828117053,-1.0,0.0,0.0,1.0
-1.1263836329242092,0.31806081756608334,-0.68,0.4886752411399224,-1.0,0.0,1.0,0.0
-1.4091320482830831,4.025547030341008,0.6,1.356736310789031,-1.0,1.0,0.0,0.0
-0.06607707532843224,-0.3622930768332008,-2.04,-1.008100083652908,-1.0,0.0,1.0,0.0
0.0,-1.4608342247893928,0.16,-1.2993327261614953,-1.0,0.0,1.0,0.0
-0.63157390604618,-1.1917102622793958,0.4,-1.509225759118785,-1.0,0.0,1.0,0.0
0.0752971323510047,-0.17476749133456224,0.76,0.3166992241522818,-1.0,1.0,0.0,0.0
-1.55050625596252,3.241261856511541,0.24,-0.46518796244058896,-1.0,0.0,1.0,0.0
-1.2677578406036463,-0.3784323400188865,-1.52,-0.49544708255572883,-1.0,0.0,1.0,0.0
0.9942294822673448,-0.3618786888351826,-0.64,0.293671039363478,-1.0,1.0,0.0,0.0
-1.7625675674816754,0.617879726724138,-0.12,1.4491699665151454,-1.0,0.0,1.0,0.0
1.4183521053056556,-0.6888927398379243,-0.28,1.158739747547744,-1.0,0.0,0.0,1.0
-0.1367641791681507,0.40183413462822254,-0.16,1.1894224858548292,-1.0,0.0,1.0,0.0
-0.06607707532843224,-0.28725026953298566,0.56,-0.23490719401033394,-1.0,0.0,0.0,1.0
-1.4091320482830831,0.5669022298759635,-0.12,0.7513504657700224,-1.0,1.0,0.0,0.0
-0.9143223214050539,0.5318199986023323,-2.08,1.612493896185289,-1.0,1.0,0.0,0.0
0.0,0.40053028659090634,-1.44,0.782982864250061,-1.0,0.0,0.0,1.0
1.1356036899467816,-0.7747183542638875,-0.12,-0.5810576980269435,-1.0,1.0,0.0,0.0
-0.7729481137256169,0.11209454604391664,0.36,1.2597278523389142,-1.0,0.0,1.0,0.0
-0.9143223214050539,-0.2941280105113731,0.16,1.4681188807210042,-1.0,0.0,0.0,1.0
-1.4091320482830831,0.3367749396752011,-0.12,-0.24644131015953089,-1.0,0.0,0.0,1.0
1.7011005206645293,-0.07941988832064102,-0.64,-1.0943757943868633,-1.0,1.0,0.0,0.0
1.2769778976262187,4.860320329617496,0.76,0.6869259269526808,-1.0,0.0,0.0,1.0
0.0,0.6444785849865424,-0.32,0.05567419082523333,-1.0,1.0,0.0,0.0
1.7717876245042479,-0.6075880032665151,-0.48,-0.6498807232385891,-1.0,0.0,1.0,0.0
-1.6918804636419569,0.182613749894039,-0.24,0.5528716658615851,-1.0,0.0,1.0,0.0
1.8424747283439664,-0.5811197937547101,-0.12,-0.2655378999734787,-1.0,0.0,1.0,0.0
1.2062907937865002,-0.007144216794370434,0.64,-1.350940559008366,-1.0,1.0,0.0,0.0
0.428732651549597,0.009404656169394968,0.88,-1.5854451979646298,-1.0,1.0,0.0,0.0
0.9235423784276263,-0.8591187129666333,-2.52,1.4076097537735803,-1.0,0.0,0.0,1.0
1.0649165861070633,-0.19318391695210957,0.48,-1.7707619578909528,-1.0,0.0,1.0,0.0
0.9942294822673448,-1.0845269440493512,0.72,-0.6721867943736562,-1.0,0.0,1.0,0.0
-1.7625675674816754,0.33972483052955865,-1.76,-0.020039693965056025,-1.0,0.0,0.0,1.0
0.21667134003044164,0.4558627498464361,0.6,0.6533976030441301,-1.0,0.0,1.0,0.0
0.7114810669084709,-0.7287332453396124,-0.24,-0.2383094735729078,-1.0,0.0,1.0,0.0
0.21667134003044164,-1.1941668288393483,0.8,-1.783320277694539,-1.0,0.0,0.0,1.0
1.5597263129850925,-0.3716149420976166,0.52,0.5714827232145189,-1.0,0.0,1.0,0.0
0.0752971323510047,0.630404353350242,-1.72,-0.2733132192182898,-1.0,1.0,0.0,0.0
0.14598423619072315,-0.44599261770984505,0.84,0.07714933386757644,-1.0,0.0,0.0,1.0
1.2769778976262187,0.08240517117951718,-0.36,-0.19507379428934965,-1.0,0.0,1.0,0.0
-0.7729481137256169,-0.3731760011001614,0.0,-1.0644311206526218,-1.0,0.0,1.0,0.0
-0.8436352175653353,0.43998625658012935,-0.6,1.5333288158268246,-1.0,0.0,1.0,0.0
0.7114810669084709,0.10658847800329965,-0.4,0.25824392885422803,-1.0,1.0,0.0,0.0
1.5597263129850925,0.29874086154635004,0.36,-0.8698503311141382,-1.0,0.0,1.0,0.0
-0.06607707532843224,0.5174570511342468,-0.08,-1.5758111126904757,-1.0,0.0,1.0,0.0
-0.2781383868475876,0.4232608455541068,-0.04,-1.2161028105479965,-1.0,0.0,1.0,0.0
0.0752971323510047,-1.2677437188185354,0.16,1.515136555076894,-1.0,0.0,1.0,0.0
-0.06607707532843224,-0.3180393086548631,-2.0,-1.6573087389104064,-1.0,0.0,0.0,1.0
0.0,0.007926425275320451,-0.04,0.05567419082523333,-1.0,0.0,0.0,1.0
0.9942294822673448,-0.863693100749431,0.24,-0.5101775710804699,-1.0,0.0,0.0,1.0
-1.1970707367639277,0.6192273946907643,-0.16,-0.0913717735560568,-1.0,0.0,1.0,0.0
0.5701068592290339,-0.2879491309029838,0.56,0.9613247078664781,-1.0,1.0,0.0,0.0
1.630413416824811,0.14479839182539353,-0.32,0.23526854965099223,-1.0,0.0,1.0,0.0
-0.63157390604618,0.5835041913015417,0.68,-1.084698450596863,-1.0,1.0,0.0,0.0
-0.49019969836674304,0.6438368598223156,-0.68,0.8837063104599306,-1.0,0.0,1.0,0.0
1.347665001465937,-0.32475767097390923,0.16,-1.4097600738080227,-1.0,0.0,0.0,1.0
0.0752971323510047,-0.3096964843101994,0.0,1.0662208737018333,-1.0,1.0,0.0,0.0
0.2873584438701601,-0.08175243638871935,-0.08,1.6462559861886163,-1.0,0.0,0.0,1.0
-1.3384449444433646,-0.2899704662339005,0.64,0.9428384331228008,-1.0,0.0,1.0,0.0
0.0,0.42706346046284854,0.44,0.05567419082523333,-1.0,0.0,0.0,1.0
0.9942294822673448,0.5960025821852722,-0.64,0.9115430857419431,-1.0,0.0,0.0,1.0
0.4994197553893155,0.302640322511178,-1.44,-1.1718174583100833,-1.0,1.0,0.0,0.0
-0.7022610098858985,-0.04992137049997575,-0.24,0.36956480344855136,-1.0,0.0,0.0,1.0
1.7717876245042479,0.3582082848873872,0.04,-1.456022508338949,-1.0,0.0,0.0,1.0
1.2769778976262187,-0.5025767659011297,0.48,0.6018651598772587,-1.0,0.0,1.0,0.0
-0.49019969836674304,0.30612618383304874,-0.76,-1.0372706051869287,-1.0,0.0,0.0,1.0
0.7114810669084709,0.026583061908460028,-0.32,0.6811669534592962,-1.0,0.0,0.0,1.0
0.6407939630687525,0.18542408416527353,0.36,-0.03585724657469238,-1.0,1.0,0.0,0.0
-1.2677578406036463,0.3174967694576803,-0.24,1.425548389466091,-1.0,0.0,0.0,1.0
1.7011005206645293,-0.8027203442734119,0.64,1.6391732886864188,-1.0,0.0,1.0,0.0
0.0,-1.1260625222624139,0.76,0.9279125929561935,-1.0,1.0,0.0,0.0
-0.20745128300786916,0.6233192473065685,0.64,-1.105635295763383,-1.0,1.0,0.0,0.0
-0.7729481137256169,-0.38802854185150676,-0.52,1.325981367983559,-1.0,1.0,0.0,0.0
-0.3488254906873061,0.5042072651782261,0.76,0.4958964499623986,-1.0,1.0,0.0,0.0
-0.8436352175653353,-0.5272050967428024,0.4,1.509673961499572,-1.0,0.0,1.0,0.0
0.4994197553893155,-0.9996299939873035,-0.56,0.7350597815764771,-1.0,0.0,0.0,1.0
-1.4091320482830831,0.15063572606233194,0.24,0.13234712210591146,-1.0,0.0,1.0,0.0
-0.8436352175653353,-0.5956658210793346,0.12,-1.030107324039035,-1.0,1.0,0.0,0.0
1.7717876245042479,0.3944734480120396,0.56,0.5546425601678162,-1.0,1.0,0.0,0.0
0.6407939630687525,-1.134065327361622,0.84,1.019404432268099,-1.0,0.0,1.0,0.0
0.5701068592290339,-0.41855735984146186,-2.4,-0.24571503325538166,-1.0,0.0,1.0,0.0
0.21667134003044164,0.5963371961582198,-1.56,-0.08541295992748338,-1.0,0.0,0.0,1.0
-1.6211933598022386,-0.34390145529418,0.12,1.4798111341589275,-1.0,0.0,0.0,1.0
-0.7022610098858985,0.4250804617300318,-1.96,-1.2965710257448355,-1.0,0.0,1.0,0.0
-0.5608868022064615,0.3483807079341568,0.52,1.544196932544503,-1.0,0.0,1.0,0.0
0.35804554770987856,-0.5207759189247236,-0.12,-0.0812730205432024,-1.0,0.0,1.0,0.0
0.2873584438701601,-0.7410958662203503,-1.92,0.662097481313864,-1.0,0.0,0.0,1.0
0.6407939630687525,0.3670617772303564,0.72,1.2473327122959956,-1.0,0.0,1.0,0.0
1.2062907937865002,0.5006011355540383,0.96,-1.4272396976428239,-1.0,1.0,0.0,0.0
0.2873584438701601,4.8527021323943655,-0.28,0.6788547993944318,-1.0,1.0,0.0,0.0
-1.55050625596252,0.5825250007517282,-2.2,-0.5260874000657598,-1.0,0.0,1.0,0.0
-0.41951259452702455,0.6062711294523841,0.24,-1.681025454775091,-1.0,0.0,1.0,0.0
0.14598423619072315,0.554216264263603,0.04,0.6123535619435405,-1.0,0.0,1.0,0.0
1.2769778976262187,0.052097479015118756,-0.68,1.1591671129975691,-1.0,0.0,1.0,0.0
-0.49019969836674304,0.2613056398971497,-0.28,-0.9941601742193389,-1.0,1.0,0.0,0.0
0.0,0.007926425275320451,0.04,0.05567419082523333,-1.0,0.0,0.0,1.0
-1.1263836329242092,-0.8430616030831705,0.16,0.9572910974853422,-1.0,0.0,0.0,1.0
-0.9143223214050539,-0.4443586829988178,-0.6,-0.8828236246878234,-1.0,0.0,1.0,0.0
1.2769778976262187,-1.274227172062915,0.92,0.1646201124882713,-1.0,1.0,0.0,0.0
-0.2781383868475876,0.262090169080505,-0.08,-1.5921166877558957,-1.0,1.0,0.0,0.0
0.35804554770987856,0.6418176616360631,0.64,-1.5016577229949495,-1.0,0.0,0.0,1.0
1.347665001465937,0.5470656339354079,0.04,1.3389458730381252,-1.0,0.0,1.0,0.0
0.14598423619072315,4.444640631895789,0.56,-1.634301005481105,-1.0,1.0,0.0,0.0
0.35804554770987856,0.19017222325437985,-0.24,-0.5378222112511652,-1.0,0.0,1.0,0.0
-0.7729481137256169,0.17698951810441776,0.32,-0.8499062362187212,-1.0,0.0,1.0,0.0
0.9942294822673448,-0.004170720223071057,0.52,-0.4665525884759635,-1.0,1.0,0.0,0.0
1.0649165861070633,-0.6291219859064109,-0.52,-1.825027591158441,-1.0,0.0,0.0,1.0
-1.0556965290844909,0.5477515444649314,0.48,0.0923870083732839,-1.0,0.0,1.0,0.0
-1.0556965290844909,0.30860300904801435,-0.72,-1.5713946239287253,-1.0,0.0,1.0,0.0
-0.9850094252447723,0.48539053456043585,0.24,-1.1626628915816615,-1.0,0.0,1.0,0.0
0.14598423619072315,0.538035714410227,0.12,-1.635740886697106,-1.0,0.0,0.0,1.0
-1.2677578406036463,-0.011568176563448504,0.48,-1.1326385768134628,-1.0,0.0,1.0,0.0
-0.2781383868475876,-1.3330021140117232,0.44,0.934553045258124,-1.0,0.0,0.0,1.0
-0.9850094252447723,0.45553845113634994,0.04,-0.19278138168285464,-1.0,1.0,0.0,0.0
0.428732651549597,-0.5103499501154932,0.12,-1.422072797715694,-1.0,0.0,0.0,1.0
1.630413416824811,-0.21763343150686346,-0.56,-0.6992928792503567,-1.0,0.0,0.0,1.0
0.5701068592290339,0.07549219030526434,0.44,0.20287100934284477,-1.0,0.0,0.0,1.0
0.2873584438701601,0.02540252054114793,-0.12,0.0628114942109644,-1.0,0.0,0.0,1.0
-0.3488254906873061,0.007926425275320451,-0.56,0.05567419082523333,-1.0,0.0,0.0,1.0
-1.2677578406036463,-0.021677415617203225,0.92,-0.7203242860407966,-1.0,0.0,1.0,0.0
-1.2677578406036463,0.3475641066340139,-0.04,0.15294477131593867,-1.0,1.0,0.0,0.0
-0.3488254906873061,-0.509124047485365,0.16,0.8977245392171737,-1.0,0.0,0.0,1.0
1.8424747283439664,0.6183017761909992,0.32,-0.37906267820894163,-1.0,1.0,0.0,0.0
0.004610028511286227,-0.7588969434292561,-0.68,-1.0015696295385232,-1.0,0.0,0.0,1.0
1.0649165861070633,-0.5014215733091015,-0.68,-1.3491939134237227,-1.0,1.0,0.0,0.0
0.0,0.30648034462495277,0.36,1.4668694150972357,-1.0,1.0,0.0,0.0
-0.9143223214050539,0.5544641789534448,0.56,1.064546802364398,-1.0,0.0,0.0,1.0
0.0,0.007926425275320451,-0.52,0.05567419082523333,-1.0,0.0,0.0,1.0
-0.1367641791681507,-1.2157005026036056,0.12,0.13077110446787138,-1.0,0.0,1.0,0.0
-0.49019969836674304,-0.5243043091546162,0.32,1.0928220817626086,-1.0,0.0,1.0,0.0
-1.6211933598022386,-0.11296091518523942,0.2,0.8626946242250355,-1.0,1.0,0.0,0.0
0.5701068592290339,0.6029020775998708,-0.28,0.6541784462014681,-1.0,1.0,0.0,0.0
0.0,0.007926425275320451,-2.0,0.05567419082523333,-1.0,1.0,0.0,0.0
-0.9143223214050539,-1.116618005520658,-0.04,-0.7915474492218033,-1.0,0.0,0.0,1.0
1.1356036899467816,0.17059217191559337,-0.12,-1.3696976593012924,-1.0,0.0,0.0,1.0
-1.6918804636419569,-0.001386293288353466,0.4,-0.2948670040684656,-1.0,0.0,0.0,1.0
-1.7625675674816754,0.09849173546813893,-0.32,0.8412144815186672,-1.0,0.0,0.0,1.0
-1.6211933598022386,0.007926425275320451,-0.48,0.05567419082523333,-1.0,0.0,0.0,1.0
-1.3384449444433646,-0.18484915578184927,0.32,0.46719607469619834,-1.0,1.0,0.0,0.0
-1.1970707367639277,0.007926425275320451,0.88,0.05567419082523333,-1.0,0.0,1.0,0.0
-1.4798191521228015,4.556906109927358,0.36,1.1295659785373673,-1.0,1.0,0.0,0.0
1.8424747283439664,-0.893595302066151,-0.04,-0.7509806748386246,-1.0,1.0,0.0,0.0
-0.06607707532843224,-0.13693924384282394,-0.64,-0.9509176577714403,-1.0,0.0,0.0,1.0
-1.6918804636419569,-1.2618427861600627,0.36,1.5090851745784395,-1.0,0.0,1.0,0.0
-0.49019969836674304,0.2478370119283538,0.04,-1.012262034598135,-1.0,0.0,1.0,0.0
-1.55050625596252,-0.250032071476711,0.56,0.051485041903483235,-1.0,0.0,0.0,1.0
-1.4798191521228015,0.26587714973932597,-0.08,-1.4026121553758215,-1.0,0.0,1.0,0.0
-1.3384449444433646,-0.6790819879795427,-0.32,0.29125783397989574,-1.0,0.0,0.0,1.0
1.630413416824811,0.40920403896270224,-1.88,0.41914947728466573,-1.0,1.0,0.0,0.0
0.6407939630687525,-0.6876066964433454,0.64,0.8505391055661231,-1.0,0.0,0.0,1.0
0.0,0.0906905842939774,0.0,-0.49964567026454515,-1.0,1.0,0.0,0.0
1.347665001465937,0.013171487711427529,-0.16,-0.47908109537691596,-1.0,0.0,0.0,1.0
-1.1970707367639277,0.09288250343097665,-0.72,0.19431765748715363,-1.0,1.0,0.0,0.0
-1.55050625596252,-1.3660192309402686,-0.2,-1.594981259721875,-1.0,1.0,0.0,0.0
0.5701068592290339,0.6356577747914736,0.8,-1.3734241037265706,-1.0,1.0,0.0,0.0
0.35804554770987856,-0.3359353961532915,0.24,0.7023816183888872,-1.0,1.0,0.0,0.0
0.35804554770987856,-0.0856289274854412,0.84,0.91806454983876,-1.0,1.0,0.0,0.0
1.5597263129850925,0.5100205298693846,-1.76,1.3367957558475203,-1.0,1.0,0.0,0.0
-0.3488254906873061,0.41065265980360344,-0.52,0.8774271953420278,-1.0,1.0,0.0,0.0
1.4183521053056556,-0.2759980666692281,0.96,0.52427805373342,-1.0,0.0,0.0,1.0
1.0649165861070633,0.27068465248033524,0.76,-1.0192702151364623,-1.0,0.0,1.0,0.0
-0.41951259452702455,-0.029210017653080234,0.44,1.0539190930603444,-1.0,0.0,1.0,0.0
0.7114810669084709,0.2645044203932284,0.52,0.8394079727119454,-1.0,0.0,1.0,0.0
0.21667134003044164,0.6264425690619397,-1.72,-0.6090038573413166,-1.0,0.0,1.0,0.0
0.004610028511286227,-0.0617358415769604,0.88,-0.9994302401024576,-1.0,0.0,1.0,0.0
0.7114810669084709,0.0363348005896327,-1.6,-0.6062118216929702,-1.0,0.0,0.0,1.0
-1.6918804636419569,0.6246838363256696,0.96,-1.7505584951868622,-1.0,1.0,0.0,0.0
0.4994197553893155,-1.1434368007446725,-2.04,-1.1227932099375801,-1.0,1.0,0.0,0.0
1.7717876245042479,0.12481580391335077,0.6,1.0046185262917064,-1.0,0.0,0.0,1.0
1.347665001465937,-1.049173267199134,-0.16,-0.9522701747265208,-1.0,0.0,1.0,0.0
-1.0556965290844909,-1.284764433810994,-0.4,-0.5064899569824084,-1.0,0.0,0.0,1.0
1.7717876245042479,-0.951589089157848,-0.36,1.0271347080672102,-1.0,0.0,1.0,0.0
-1.1970707367639277,0.5380734350059756,-0.04,1.3041848298135295,-1.0,1.0,0.0,0.0
0.14598423619072315,0.6427359210103893,0.68,1.6084507770316023,-1.0,0.0,1.0,0.0
-1.4798191521228015,0.007926425275320451,-1.44,0.05567419082523333,-1.0,1.0,0.0,0.0
0.4994197553893155,0.4668479200934737,0.16,-0.6069998385866312,-1.0,0.0,0.0,1.0
-1.1263836329242092,-0.41132419071295007,0.12,0.5005208236378665,-1.0,0.0,1.0,0.0
-0.9143223214050539,0.0747194002734735,0.36,1.4063331054357395,-1.0,0.0,0.0,1.0
-1.7625675674816754,0.44290051542859254,-0.44,-1.6482874313561102,-1.0,1.0,0.0,0.0
-0.1367641791681507,0.3028720145082746,-2.44,1.3823749112047232,-1.0,0.0,1.0,0.0
-0.7729481137256169,-0.09189367613184152,0.0,0.5313980703783415,-1.0,0.0,1.0,0.0
1.347665001465937,0.45092074266052334,-2.08,1.301371134650626,-1.0,0.0,1.0,0.0
0.35804554770987856,-0.7336928537079768,-2.48,0.33509258556171084,-1.0,0.0,1.0,0.0
-0.2781383868475876,0.3853132404729141,-0.32,-1.6683228506123557,-1.0,0.0,0.0,1.0
-0.20745128300786916,0.26847443786570746,0.08,-0.5654302171514288,-1.0,0.0,0.0,1.0
-0.7022610098858985,-0.1671942539328184,0.64,-0.17972183962322588,-1.0,0.0,1.0,0.0
-1.6211933598022386,-0.2523638396159876,-2.56,1.3219558432294567,-1.0,0.0,1.0,0.0
0.0,0.007926425275320451,0.0,0.05567419082523333,-1.0,0.0,1.0,0.0
-0.1367641791681507,-0.9153022521130286,0.6,0.05567419082523333,-1.0,0.0,1.0,0.0
0.6407939630687525,0.15837277380414025,-0.76,-0.8814951560605249,-1.0,0.0,0.0,1.0
-0.5608868022064615,-0.3442549803875537,-0.52,-1.8086395356576448,-1.0,0.0,1.0,0.0
0.6407939630687525,-1.3785162347219055,-0.68,0.5070285124515237,-1.0,0.0,1.0,0.0
1.4183521053056556,-0.757490722019602,0.96,-1.6059266580800997,-1.0,0.0,1.0,0.0
-0.49019969836674304,0.34156278916439287,-0.52,0.7366372765157734,-1.0,1.0,0.0,0.0
0.004610028511286227,-0.2769464916336242,-0.52,0.09563091797009841,-1.0,0.0,0.0,1.0
0.2873584438701601,0.5421399530956121,0.04,0.9383516238637297,-1.0,0.0,0.0,1.0
1.630413416824811,0.007926425275320451,-2.2,0.05567419082523333,-1.0,1.0,0.0,0.0
-0.8436352175653353,-0.2887520543481728,-0.16,1.1646868396892043,-1.0,1.0,0.0,0.0
-0.1367641791681507,-0.024594012505535005,-0.76,-0.46416675323889006,-1.0,0.0,1.0,0.0
0.0752971323510047,0.24574451817932058,0.56,-1.6721335148547636,-1.0,0.0,0.0,1.0
-0.8436352175653353,-1.149965796481215,0.04,-0.4626066982656249,-1.0,0.0,0.0,1.0
-0.7729481137256169,-0.3431947328176575,0.56,1.6749965875242054,-1.0,0.0,1.0,0.0
0.428732651549597,0.3729892000830347,0.0,1.2888307080386328,-1.0,0.0,0.0,1.0
0.0,0.5808427049411197,-0.44,0.05567419082523333,-1.0,0.0,1.0,0.0
1.630413416824811,0.31239246103550583,-1.88,0.3425735464709189,-1.0,0.0,1.0,0.0
-1.6918804636419569,-0.2726719860559726,-0.08,0.6985680989491955,-1.0,0.0,0.0,1.0
-0.8436352175653353,-0.029354568483627084,0.44,-0.6148791655289134,-1.0,0.0,1.0,0.0
-0.1367641791681507,-0.83995258082316,-0.16,0.05567419082523333,-1.0,0.0,0.0,1.0
0.9235423784276263,-0.015764402130369375,0.92,1.6706221157149042,-1.0,0.0,0.0,1.0
0.0,-0.35269033464290683,-0.48,0.38707972639762817,-1.0,0.0,1.0,0.0
0.9942294822673448,0.5053075925304817,-0.56,-0.430315674044113,-1.0,0.0,0.0,1.0
1.5597263129850925,-0.4633668392996771,-0.36,-0.7345276730811214,-1.0,0.0,1.0,0.0
-1.6211933598022386,0.6047894949261827,-1.92,0.15377269011543102,-1.0,0.0,1.0,0.0
-0.9143223214050539,0.029529094282645857,0.2,-0.32361803241762455,-1.0,0.0,0.0,1.0
-0.63157390604618,-0.1427623425999996,0.64,0.4826927415697864,-1.0,0.0,1.0,0.0
0.0752971323510047,-0.6063559708680591,0.96,0.1398535843723097,-1.0,0.0,1.0,0.0
-1.4798191521228015,0.24971537018261736,-0.2,1.6357115129344513,-1.0,1.0,0.0,0.0
-1.4091320482830831,0.6142624775770856,-2.24,-1.6995099503597033,-1.0,0.0,0.0,1.0
-0.3488254906873061,-0.5530935791935808,0.8,-0.11239529228423509,-1.0,0.0,1.0,0.0
-1.0556965290844909,-1.054222424527487,0.88,-0.28216616310486864,-1.0,0.0,1.0,0.0
-0.3488254906873061,0.32801531889828844,0.28,-1.8108181942644956,-1.0,0.0,0.0,1.0
1.7717876245042479,0.14218850069038505,-0.36,-1.657621197709258,-1.0,0.0,1.0,0.0
0.428732651549597,0.4450165612137998,-0.32,-0.8203147580783664,-1.0,0.0,0.0,1.0
0.0,-0.5875955101849736,0.32,-1.0065329109339136,-1.0,0.0,1.0,0.0
1.5597263129850925,-0.9042863041447042,0.32,1.1714921045816775,-1.0,1.0,0.0,0.0
-1.1263836329242092,0.3733232495778097,-2.2,-0.7305239521332718,-1.0,1.0,0.0,0.0
-0.20745128300786916,-1.1139490707006523,-0.68,0.06343797567086319,-1.0,1.0,0.0,0.0
1.8424747283439664,0.31955343987177953,0.56,-1.5829351139783316,-1.0,1.0,0.0,0.0
1.7717876245042479,-1.0230248780967162,0.8,0.3204584107804397,-1.0,0.0,1.0,0.0
0.6407939630687525,-0.30782441430711055,-0.24,0.7237097654536851,-1.0,0.0,0.0,1.0
0.0,-1.330615388684788,0.88,0.9862171864753635,-1.0,0.0,1.0,0.0
-0.7022610098858985,0.40373056200536167,0.2,-1.4299204029528736,-1.0,0.0,0.0,1.0
0.5701068592290339,-0.1841632380298043,0.36,-0.05223535192219722,-1.0,0.0,1.0,0.0
-1.6918804636419569,-0.4098254223249411,0.08,0.888716308174123,-1.0,0.0,0.0,1.0
0.35804554770987856,-0.8464322441702908,0.44,-0.9511114954014365,-1.0,0.0,0.0,1.0
-0.3488254906873061,0.29672402361963723,-0.44,1.415750989266308,-1.0,0.0,1.0,0.0
0.5701068592290339,0.15598690745067448,0.28,1.4756154104966808,-1.0,0.0,0.0,1.0
0.14598423619072315,0.6090041484804174,-0.16,-0.8678687827860099,-1.0,1.0,0.0,0.0
-0.1367641791681507,-1.0386919728842279,0.2,0.4087384115737613,-1.0,0.0,0.0,1.0
0.8528552745879078,0.4285449968215512,-1.44,-0.5505976906609996,-1.0,0.0,0.0,1.0
0.2873584438701601,0.3559694161642006,0.8,-0.546422751783476,-1.0,1.0,0.0,0.0
1.1356036899467816,-0.021862049716883946,-0.16,1.1207370092578395,-1.0,0.0,0.0,1.0
0.21667134003044164,0.13211940452290322,0.56,-0.23385336402870863,-1.0,1.0,0.0,0.0
-1.4798191521228015,4.905187277927504,-0.24,0.6677870472079748,-1.0,0.0,1.0,0.0
1.347665001465937,3.5380043047554635,0.84,-0.9099396748573801,-1.0,0.0,1.0,0.0
-0.8436352175653353,-1.1545970466610909,-0.44,0.9259953047398242,-1.0,1.0,0.0,0.0
1.7011005206645293,-1.1595245173154147,0.32,-1.8327867964174303,-1.0,0.0,0.0,1.0
-0.3488254906873061,0.2114655102170679,0.84,0.7235136921666853,-1.0,0.0,1.0,0.0
-0.63157390604618,-0.902290728115227,0.52,-0.6902677485947595,-1.0,1.0,0.0,0.0
1.1356036899467816,4.17199974902857,-0.08,1.5832302410630115,-1.0,0.0,0.0,1.0
-0.06607707532843224,0.3857299033647112,0.08,-1.039643276602962,-1.0,0.0,0.0,1.0
-1.55050625596252,-0.9963540879687048,0.28,0.9018567715069545,-1.0,1.0,0.0,0.0
0.5701068592290339,-0.7155992868447264,-0.52,-0.43956143283892224,-1.0,1.0,0.0,0.0
-1.7625675674816754,0.5161248611080966,0.24,0.13128672589752122,-1.0,0.0,0.0,1.0
-0.2781383868475876,0.6430686080229615,-0.4,0.23906201529523766,-1.0,1.0,0.0,0.0
-1.2677578406036463,0.4449620027723063,-0.48,-1.429017241978797,-1.0,0.0,1.0,0.0
0.9942294822673448,0.12029519676944332,-1.52,1.1924708435734022,-1.0,0.0,1.0,0.0
0.8528552745879078,-1.405371299705266,0.28,1.3865932572251352,-1.0,1.0,0.0,0.0
-0.7022610098858985,0.018689667134946863,-0.52,-0.5488988325908453,-1.0,0.0,1.0,0.0
0.428732651549597,-1.3476896353377317,0.4,-1.059586357380498,-1.0,0.0,1.0,0.0
0.9235423784276263,4.4588011189772585,0.84,0.6249711708035876,-1.0,0.0,0.0,1.0
0.004610028511286227,0.37203008113754177,0.48,0.7509330810455138,-1.0,0.0,1.0,0.0
1.1356036899467816,-1.5177579632049871,-0.44,-1.27284152691393,-1.0,0.0,1.0,0.0
1.7717876245042479,-0.10852595337784071,-0.6,0.05567419082523333,-1.0,0.0,0.0,1.0
-0.9850094252447723,-1.4656101012115899,0.48,-1.359713841057193,-1.0,0.0,1.0,0.0
1.1356036899467816,-0.1618484678235069,0.56,0.0024410782648922502,-1.0,1.0,0.0,0.0
0.428732651549597,-0.8164893816270448,0.08,-1.772713118893591,-1.0,0.0,1.0,0.0
-1.55050625596252,-1.1760669455144315,0.16,1.5913942371470684,-1.0,0.0,1.0,0.0
0.8528552745879078,-0.14301321953900287,0.76,-0.4147940665555242,-1.0,0.0,0.0,1.0
-0.63157390604618,0.007926425275320451,-2.2,0.05567419082523333,-1.0,0.0,0.0,1.0
0.0,-1.385052834947845,0.88,0.8884815809376284,-1.0,0.0,0.0,1.0
-1.6918804636419569,0.3368349116852259,-2.4,-0.5412061841676679,-1.0,1.0,0.0,0.0
-0.06607707532843224,0.22379557050652008,0.08,-0.7357410527936009,-1.0,1.0,0.0,0.0
-0.06607707532843224,0.020351805627064026,-0.4,-0.779143332907439,-1.0,0.0,0.0,1.0
-1.55050625596252,0.007926425275320451,0.6,0.05567419082523333,-1.0,1.0,0.0,0.0
0.0752971323510047,-0.7978976190711088,0.36,-0.8259266310183457,-1.0,0.0,0.0,1.0
-0.63157390604618,0.2892150108518984,0.96,0.8934210822430453,-1.0,0.0,0.0,1.0
0.004610028511286227,-0.09977318642185366,-0.2,-1.4744064727664457,-1.0,1.0,0.0,0.0
-0.8436352175653353,-1.4847681168535996,0.44,0.41787710821585794,-1.0,0.0,1.0,0.0
-1.1970707367639277,-0.40643163983699393,-2.36,-0.2733493810294765,-1.0,0.0,0.0,1.0
-1.6918804636419569,0.643114488291938,0.96,-1.4405730246050517,-1.0,0.0,1.0,0.0
0.21667134003044164,0.5173930390378205,-0.52,0.5200978939420995,-1.0,1.0,0.0,0.0
0.9942294822673448,-0.6165946693664209,0.84,0.2976413376022814,-1.0,1.0,0.0,0.0
-0.8436352175653353,-0.6325465718542217,0.36,1.352619697149868,-1.0,0.0,1.0,0.0
0.21667134003044164,-0.5082133300515702,0.52,-0.5472056291922771,-1.0,0.0,1.0,0.0
-1.1970707367639277,0.33348666275734534,-0.68,1.2577734817426474,-1.0,1.0,0.0,0.0
1.630413416824811,-0.4350748502688769,-1.52,0.327962495321527,-1.0,0.0,0.0,1.0
-0.49019969836674304,-0.4957562008901572,0.44,0.8713826862806898,-1.0,0.0,0.0,1.0
-1.3384449444433646,-0.46635899382878,0.56,0.48844102793675026,-1.0,0.0,1.0,0.0
-0.8436352175653353,0.47755624279385944,-0.6,-0.832180245390891,-1.0,1.0,0.0,0.0
0.9235423784276263,0.13217319877406647,-0.44,-0.9540076387792302,-1.0,0.0,0.0,1.0
-0.7729481137256169,0.48608812677566793,-0.24,1.3976472723732025,-1.0,0.0,0.0,1.0
-0.41951259452702455,-0.8356809801637752,0.12,-0.8083805664075429,-1.0,0.0,1.0,0.0
-0.2781383868475876,0.6394727572725915,-0.64,1.4954792058379232,-1.0,0.0,0.0,1.0
0.8528552745879078,0.5827184875725001,0.2,1.0970029975360467,-1.0,0.0,1.0,0.0
0.0,0.007926425275320451,-0.24,0.05567419082523333,-1.0,0.0,1.0,0.0
1.347665001465937,-0.41554280194844534,-0.28,-0.45925443667901333,-1.0,0.0,1.0,0.0
0.7114810669084709,-0.37105793707253454,-0.28,0.8032352095920499,-1.0,0.0,1.0,0.0
0.9235423784276263,-0.9877753464669015,0.0,-1.4393566538173155,-1.0,0.0,1.0,0.0
-1.3384449444433646,-1.0433941641828095,0.88,1.3529281691490234,-1.0,1.0,0.0,0.0
-0.1367641791681507,0.34039759715080287,-0.68,-1.0056450841652118,-1.0,0.0,0.0,1.0
0.0,4.3637099289300607e-05,0.2,-0.9614761917836375,-1.0,0.0,1.0,0.0
-0.06607707532843224,0.6080229062978294,-0.36,-1.6115734229352965,-1.0,0.0,1.0,0.0
-1.4798191521228015,4.255651589041975,0.6,-1.7159722624387377,-1.0,1.0,0.0,0.0
-0.7729481137256169,-0.8341771579715295,0.12,1.3399587342549775,-1.0,1.0,0.0,0.0
-1.1970707367639277,0.6109051245382584,0.88,1.386851464714865,-1.0,1.0,0.0,0.0
-1.6211933598022386,-1.3440978319699384,-1.92,0.705200287634679,-1.0,0.0,0.0,1.0
0.428732651549597,0.28459480266593945,-0.08,-0.9259064711998822,-1.0,0.0,1.0,0.0
1.630413416824811,0.5816539046944588,0.12,-0.5682172774919678,-1.0,1.0,0.0,0.0
1.5597263129850925,-1.027811289775499,-2.36,-0.5680125053074386,-1.0,0.0,1.0,0.0
-0.41951259452702455,0.4632829258300382,0.28,-0.032517765726592214,-1.0,0.0,0.0,1.0
1.4890392091453741,-0.12159171764505325,-1.8,0.535652302064234,-1.0,0.0,0.0,1.0
0.004610028511286227,0.6192976642267747,-1.44,-0.28081042965606184,-1.0,0.0,1.0,0.0
1.1356036899467816,4.715397532129178,0.36,-0.44540656215575786,-1.0,0.0,0.0,1.0
0.14598423619072315,-1.0899960285071202,0.72,1.5950835273778645,-1.0,1.0,0.0,0.0
1.4183521053056556,0.4496988760305656,0.08,1.234544899352259,-1.0,0.0,0.0,1.0
0.8528552745879078,-1.3781131333862402,-0.64,-1.0970143406722492,-1.0,0.0,0.0,1.0
-0.20745128300786916,-1.4096443844882478,0.64,0.9038084857313418,-1.0,0.0,1.0,0.0
1.2769778976262187,-0.40356341667264306,-1.56,0.3129508736003555,-1.0,0.0,0.0,1.0
-0.9143223214050539,-1.1656999184246113,0.56,-0.7914751305710276,-1.0,0.0,1.0,0.0
1.0649165861070633,0.26413701564532654,0.88,1.459788575344171,-1.0,1.0,0.0,0.0
-1.0556965290844909,-0.11933294488341022,0.84,-1.5524432774598953,-1.0,0.0,1.0,0.0
-0.9850094252447723,0.009624230147511716,-1.6,-0.5374600993287673,-1.0,0.0,1.0,0.0
-1.0556965290844909,-0.7683162062998101,0.32,1.6320298258646386,-1.0,0.0,1.0,0.0
0.14598423619072315,-1.5138937822221572,-0.72,0.286050679343407,-1.0,1.0,0.0,0.0
-0.2781383868475876,-1.3193938347378078,0.6,-0.9421241013514337,-1.0,0.0,1.0,0.0
0.4994197553893155,0.28647646221903544,0.6,1.641860259028893,-1.0,0.0,0.0,1.0
-0.41951259452702455,-0.8647645252575733,0.88,1.0566955136995253,-1.0,0.0,0.0,1.0
0.35804554770987856,0.4354702433923714,0.16,-0.02593253343345217,-1.0,0.0,1.0,0.0
1.4890392091453741,0.2670092090606627,0.0,1.1653415245168919,-1.0,0.0,1.0,0.0
1.0649165861070633,0.5531372095072896,-0.36,-1.747739993187749,-1.0,1.0,0.0,0.0
-1.4091320482830831,0.561938306677364,-0.04,-0.3147418255045018,-1.0,1.0,0.0,0.0
-1.4798191521228015,-0.9630726174340143,0.44,1.6035534743752613,-1.0,0.0,0.0,1.0
-1.3384449444433646,-0.3473870866838635,-0.48,-1.4997527596701505,-1.0,0.0,1.0,0.0
1.7717876245042479,-1.4971491724214532,0.96,1.1750510695248364,-1.0,0.0,1.0,0.0
-0.9143223214050539,0.26346579788360747,0.48,0.047798192700180916,-1.0,1.0,0.0,0.0
0.0,0.5946272469731111,0.36,-5.109840277933233e-05,-1.0,1.0,0.0,0.0
1.630413416824811,-1.1528305485350363,-0.16,0.6831461269841638,-1.0,0.0,1.0,0.0
1.5597263129850925,0.5558515088417016,0.8,-0.7321826521864274,-1.0,0.0,0.0,1.0
0.004610028511286227,-0.23278008742413828,-0.6,-0.2698641561754284,-1.0,1.0,0.0,0.0
-0.06607707532843224,0.4779671249053487,0.24,0.4447064730708339,-1.0,0.0,1.0,0.0
0.6407939630687525,-0.39858979374606585,-0.4,0.5383599349157477,-1.0,0.0,1.0,0.0
-0.49019969836674304,0.5749777129243521,-0.2,0.9219110671247939,-1.0,0.0,0.0,1.0
-0.7022610098858985,-0.6732284329259047,0.24,-0.8479853986809444,-1.0,1.0,0.0,0.0
-0.41951259452702455,0.532616184406807,0.52,-0.05611688413257479,-1.0,0.0,0.0,1.0
-1.55050625596252,-1.32130972588275,0.28,-0.34125973069307336,-1.0,0.0,1.0,0.0
-1.6211933598022386,-0.2892962907162887,0.76,-1.6249982694479643,-1.0,0.0,0.0,1.0
-0.41951259452702455,3.0076451992138455,-0.08,0.7491809330759011,-1.0,1.0,0.0,0.0
-0.5608868022064615,-0.5478167854393677,-1.76,-0.2619694390890901,-1.0,1.0,0.0,0.0
-1.0556965290844909,0.5683602767353302,0.24,-1.5691641397688114,-1.0,0.0,1.0,0.0
-1.0556965290844909,0.4866274818004711,-0.52,0.6921354958598155,-1.0,1.0,0.0,0.0
1.347665001465937,0.10552445484049006,-0.44,-0.4431137568016456,-1.0,1.0,0.0,0.0
-1.1263836329242092,-0.714734043945995,0.64,-0.9813352865817148,-1.0,0.0,0.0,1.0
0.5701068592290339,0.40241471879450996,0.36,-0.12471934715194581,-1.0,0.0,0.0,1.0
0.6407939630687525,0.12647489929888278,0.52,1.3658377893618803,-1.0,0.0,0.0,1.0
-0.7729481137256169,0.5716371532213045,0.2,-1.2020625444806452,-1.0,0.0,1.0,0.0
1.4890392091453741,0.6019274736297782,-0.36,0.9615830856577958,-1.0,0.0,0.0,1.0
1.2769778976262187,-0.04279471351765071,-0.52,0.40627190694791315,-1.0,1.0,0.0,0.0
-1.1263836329242092,-0.8091143781746757,0.92,-1.2090777638541963,-1.0,0.0,1.0,0.0
-1.6211933598022386,0.4869956756840681,-0.32,-0.6548409070991914,-1.0,0.0,0.0,1.0
-0.49019969836674304,0.4233998496743129,0.76,1.496882361540441,-1.0,0.0,0.0,1.0
0.0,0.11211279451464548,-0.2,0.05567419082523333,-1.0,0.0,1.0,0.0
-1.1970707367639277,0.48512718158292767,0.6,0.2883065501013729,-1.0,0.0,0.0,1.0
-1.3384449444433646,0.19199450284629438,0.48,0.9567560536222066,-1.0,0.0,1.0,0.0
-0.41951259452702455,-1.3427945137368957,-1.88,-1.1792473695441203,-1.0,0.0,1.0,0.0
0.2873584438701601,-1.2709196877073439,-0.12,1.0406771941951949,-1.0,0.0,1.0,0.0
0.4994197553893155,-1.349522532646322,-0.12,1.2822024289132796,-1.0,0.0,1.0,0.0
0.428732651549597,0.5645335386714802,-2.2,0.02683602113726113,-1.0,0.0,0.0,1.0
1.7011005206645293,0.07417247718257938,0.68,0.9517989619248692,-1.0,0.0,0.0,1.0
-0.3488254906873061,-0.8530337087474471,0.4,-1.811716706386368,-1.0,0.0,1.0,0.0
1.2769778976262187,0.12167135291125646,0.6,1.0491406625428943,-1.0,0.0,1.0,0.0
0.5701068592290339,0.035144770218964824,0.76,-0.7241846264195845,-1.0,1.0,0.0,0.0
1.1356036899467816,0.4101184307655171,0.76,-0.6603569906876614,-1.0,0.0,0.0,1.0
0.2873584438701601,-0.5046089883906411,-1.88,0.990705955780025,-1.0,0.0,1.0,0.0
1.347665001465937,0.638356089236921,0.96,1.4596586640208549,-1.0,1.0,0.0,0.0
0.35804554770987856,-0.08285557348638559,0.88,0.7897818284811478,-1.0,1.0,0.0,0.0
0.4994197553893155,-0.16796331217019322,-0.56,1.6575314504779213,-1.0,0.0,1.0,0.0
0.2873584438701601,-0.6195665876108772,-2.32,1.407220313346857,-1.0,0.0,1.0,0.0
0.9235423784276263,-0.23201550522372535,-0.28,0.8957726949218268,-1.0,0.0,1.0,0.0
0.6407939630687525,0.5735280845220416,-1.44,0.05567419082523333,-1.0,0.0,1.0,0.0
-1.55050625596252,0.09362457438101876,-1.8,-0.12321999869830132,-1.0,0.0,0.0,1.0
1.8424747283439664,0.5967672703014596,-2.2,-0.5496209038859118,-1.0,0.0,0.0,1.0
-0.63157390604618,-0.05531678784507883,-1.6,0.7744368077507798,-1.0,0.0,0.0,1.0
-0.41951259452702455,-0.3740131601413462,-2.24,-0.1264434709184398,-1.0,1.0,0.0,0.0
0.004610028511286227,-0.5716237697577233,0.32,-1.6475486727725575,-1.0,0.0,1.0,0.0
0.35804554770987856,-0.5620743234100378,0.64,0.3037925015112512,-1.0,0.0,1.0,0.0
0.0,0.007926425275320451,-2.28,0.05567419082523333,-1.0,1.0,0.0,0.0
0.0752971323510047,0.6269312725741983,0.64,-0.33247139825617794,-1.0,1.0,0.0,0.0
-1.7625675674816754,0.5088860357586554,-1.4,0.7483864601173063,-1.0,1.0,0.0,0.0
-0.7729481137256169,0.6150268112295689,0.64,-0.29102027685813325,-1.0,1.0,0.0,0.0
1.1356036899467816,-0.5253872590431441,0.6,-0.4458336698456466,-1.0,0.0,0.0,1.0
-0.63157390604618,0.2676305679215243,-1.8,0.05567419082523333,-1.0,0.0,0.0,1.0
0.0,0.007926425275320451,0.92,0.05567419082523333,-1.0,0.0,0.0,1.0
-1.3384449444433646,0.34345742414101404,-1.48,0.1628736678101109,-1.0,0.0,0.0,1.0
-0.5608868022064615,0.19759639824513442,-0.68,1.390238939760319,-1.0,0.0,1.0,0.0
0.7821681707481893,0.36080987647509183,0.32,-1.3875903527972877,-1.0,0.0,0.0,1.0
-0.63157390604618,0.5400582966946363,0.56,-1.5780651039035893,-1.0,0.0,1.0,0.0
-0.1367641791681507,-1.4812341517626968,-2.28,0.7722864063846754,-1.0,0.0,0.0,1.0
1.2769778976262187,4.970928613595539,0.56,1.1398060837449795,-1.0,0.0,0.0,1.0
-1.6211933598022386,0.4010973597194287,0.08,1.0250055323634868,-1.0,0.0,1.0,0.0
1.2769778976262187,-1.174154591323624,0.92,-1.2662059759237836,-1.0,0.0,1.0,0.0
0.14598423619072315,-0.2891666871331486,-0.68,1.4144846793604635,-1.0,0.0,0.0,1.0
-1.3384449444433646,0.007926425275320451,-0.2,1.4828766597567171,-1.0,0.0,1.0,0.0
0.428732651549597,0.007926425275320451,-1.8,0.05567419082523333,-1.0,0.0,1.0,0.0
-0.2781383868475876,-0.2985881598903557,0.12,-0.6253577170723474,-1.0,0.0,0.0,1.0
-1.1263836329242092,-0.6599244900901112,-2.24,0.8837567961242484,-1.0,0.0,0.0,1.0
-0.41951259452702455,0.6434355986430359,-2.48,1.6765021590161358,-1.0,0.0,0.0,1.0
0.7114810669084709,0.05142417417199517,0.6,1.6557374808568168,-1.0,0.0,0.0,1.0
0.2873584438701601,-0.7103801597324245,0.24,1.4102899919008975,-1.0,0.0,1.0,0.0
0.0,0.007926425275320451,0.92,0.05567419082523333,-1.0,1.0,0.0,0.0
0.7821681707481893,0.36533750057466247,-2.48,1.5317495581951865,-1.0,1.0,0.0,0.0
0.21667134003044164,0.46510701817154826,-0.56,0.8239097687249669,-1.0,0.0,1.0,0.0
-1.1263836329242092,-0.6929071374624175,-0.16,-1.4088996378558458,-1.0,1.0,0.0,0.0
-1.1263836329242092,0.5526655785510535,-1.72,0.8564756229712048,-1.0,0.0,1.0,0.0
-0.41951259452702455,-0.4062019170541344,-0.16,0.2547715581969756,-1.0,0.0,1.0,0.0
0.9235423784276263,-0.4476586625048339,0.6,-0.4529399738869987,-1.0,0.0,0.0,1.0
-1.4091320482830831,-0.7935785172901059,-0.16,1.5720022995666774,-1.0,0.0,1.0,0.0
1.5597263129850925,-0.19432844980770378,-1.92,0.9613126320161605,-1.0,0.0,1.0,0.0
-0.1367641791681507,0.2822069137809044,0.84,-1.754932684768812,-1.0,0.0,0.0,1.0
0.21667134003044164,-0.34689627730797723,0.8,-1.557097535881355,-1.0,0.0,1.0,0.0
-0.06607707532843224,0.15102382424826793,-0.08,-0.05826401357319196,-1.0,0.0,1.0,0.0
0.0,0.007926425275320451,0.52,0.05567419082523333,-1.0,0.0,0.0,1.0
0.35804554770987856,-0.26313137261461905,-0.44,-1.0593689688121606,-1.0,0.0,0.0,1.0
0.004610028511286227,-0.5796151690957467,0.12,-1.3528020188460461,-1.0,0.0,0.0,1.0
-0.3488254906873061,-0.3311930177707364,-0.72,1.4661736299737003,-1.0,0.0,0.0,1.0
0.8528552745879078,-0.2792053703196525,-2.36,0.16053687025483615,-1.0,0.0,1.0,0.0
-0.20745128300786916,0.6331035071152152,0.64,-1.335792174923762,-1.0,1.0,0.0,0.0
0.5701068592290339,-0.5422731270493646,-0.36,1.3185360577434921,-1.0,0.0,1.0,0.0
1.2769778976262187,4.707712185133048,0.0,0.882841514040373,-1.0,0.0,0.0,1.0
-0.63157390604618,-0.5618440082344751,-0.24,0.7752474291364893,-1.0,0.0,1.0,0.0
1.2062907937865002,0.10352214252364292,-0.36,0.42863795210461314,-1.0,1.0,0.0,0.0
-1.1970707367639277,0.5851101815665853,0.44,1.4754229966069734,-1.0,0.0,1.0,0.0
1.7717876245042479,-0.5467773295842405,-0.04,-1.0174724868560163,-1.0,1.0,0.0,0.0
1.7011005206645293,0.053308429609682725,-0.32,-0.7389490144408132,-1.0,0.0,0.0,1.0
0.9235423784276263,0.33401282170817337,0.44,0.7349812330550998,-1.0,1.0,0.0,0.0
-0.1367641791681507,0.5175210596476323,-0.64,-0.2802580967802504,-1.0,1.0,0.0,0.0
0.004610028511286227,0.329464833903397,-0.16,0.0031005572801152633,-1.0,0.0,1.0,0.0
-0.8436352175653353,-0.15712781065612472,-0.68,0.9349495799692185,-1.0,0.0,1.0,0.0
-1.1263836329242092,0.007926425275320451,0.0,0.05567419082523333,-1.0,0.0,1.0,0.0
-0.8436352175653353,-0.20769425610463454,-0.08,-1.6238421333886892,-1.0,0.0,1.0,0.0
0.0752971323510047,-0.07752280514708298,0.32,-0.7466053709560061,-1.0,0.0,0.0,1.0
-1.6918804636419569,-0.9991958789701765,0.48,-0.5985016404056285,-1.0,0.0,1.0,0.0
0.35804554770987856,0.04953680882446523,-2.56,-1.372133815382199,-1.0,1.0,0.0,0.0
0.9235423784276263,0.5802975460651557,-1.84,0.165167204247763,-1.0,0.0,1.0,0.0
-0.5608868022064615,0.30415319572274013,-0.64,0.5966925534928323,-1.0,0.0,0.0,1.0
1.2062907937865002,-1.2150013801278547,0.52,0.11085095366191457,-1.0,1.0,0.0,0.0
1.7717876245042479,0.37597765034830016,-0.08,-1.6557157116586736,-1.0,0.0,0.0,1.0
1.7011005206645293,0.4515718714234921,0.24,1.3088882856867088,-1.0,0.0,1.0,0.0
0.8528552745879078,-0.7142076947088484,0.6,-0.38331767246956744,-1.0,0.0,1.0,0.0
-1.2677578406036463,0.14807450598912858,0.88,0.6236580182681593,-1.0,0.0,1.0,0.0
1.2769778976262187,0.007926425275320451,0.0,0.05567419082523333,-1.0,1.0,0.0,0.0
-0.7022610098858985,-1.408471142465174,-2.32,1.2565056337675762,-1.0,0.0,1.0,0.0
0.7114810669084709,4.2962547739996895,0.52,-1.7057349880924964,-1.0,0.0,0.0,1.0
1.5597263129850925,0.26384939913191935,-2.32,0.6221721974795399,-1.0,0.0,0.0,1.0
-0.63157390604618,-0.3223537222130056,0.2,-0.7967732576471878,-1.0,0.0,0.0,1.0
-0.8436352175653353,0.5640788762411945,-0.4,1.0758400224491578,-1.0,0.0,1.0,0.0
-0.2781383868475876,-0.5253872590431441,-0.56,-0.16099727853218423,-1.0,0.0,1.0,0.0
1.4890392091453741,-1.2271215610641577,-0.48,-0.994825062285082,-1.0,0.0,0.0,1.0
0.0,0.35881144037751433,-0.4,1.5337951239198033,-1.0,1.0,0.0,0.0
-0.7022610098858985,0.007926425275320451,0.0,0.05567419082523333,-1.0,0.0,1.0,0.0
0.2873584438701601,-0.17071751701390658,-1.88,-0.8908813156371205,-1.0,1.0,0.0,0.0
-1.6918804636419569,-1.00839569764808,-0.36,0.5104241447618976,-1.0,1.0,0.0,0.0
1.347665001465937,0.1751258803993889,-0.44,0.9927535673761672,-1.0,0.0,1.0,0.0
1.7717876245042479,0.5666447343953133,0.76,-1.179060188546728,-1.0,0.0,1.0,0.0
0.9942294822673448,-1.03390960894541,0.28,-1.612370638680188,-1.0,0.0,0.0,1.0
-1.0556965290844909,-0.8603566937696782,-0.28,0.6804272621789866,-1.0,0.0,0.0,1.0
-0.3488254906873061,0.10953688160509084,-1.72,0.1557698590044556,-1.0,0.0,1.0,0.0
0.5701068592290339,0.007926425275320451,0.0,0.05567419082523333,-1.0,0.0,0.0,1.0
1.347665001465937,0.551174939330818,-0.76,0.7610932488395568,-1.0,0.0,1.0,0.0
0.8528552745879078,0.48233190491314115,0.68,-1.002974815711123,-1.0,0.0,0.0,1.0
0.35804554770987856,0.6329993661632146,0.16,0.10934783596482237,-1.0,0.0,0.0,1.0
0.35804554770987856,0.2732869060898156,-0.56,-1.616306747365729,-1.0,0.0,0.0,1.0
1.2769778976262187,0.5868344104586256,-0.12,1.3594725383206823,-1.0,1.0,0.0,0.0
1.7717876245042479,-0.6411531762475926,-2.08,0.04383415158040997,-1.0,1.0,0.0,0.0
-0.7729481137256169,-0.49799409275058576,0.68,-0.9434013362626348,-1.0,0.0,1.0,0.0
0.5701068592290339,0.34705900673633044,-1.44,-0.5300941843132724,-1.0,1.0,0.0,0.0
-0.20745128300786916,-0.567020828630867,0.68,1.3914027774927045,-1.0,1.0,0.0,0.0
0.2873584438701601,-1.0578209082444872,0.52,1.1790622219310276,-1.0,0.0,0.0,1.0
1.347665001465937,-0.8242019007893114,0.12,-0.15862895455340012,-1.0,0.0,1.0,0.0
0.4994197553893155,-0.5986177468360001,0.2,-0.27502723645864025,-1.0,0.0,1.0,0.0
-0.49019969836674304,-0.03983138460180941,-0.16,1.1174903726336025,-1.0,1.0,0.0,0.0
0.6407939630687525,-0.9213232166467811,-0.32,1.4784229495665682,-1.0,0.0,0.0,1.0
1.2062907937865002,-1.3431853532601146,0.32,0.9458238218435433,-1.0,1.0,0.0,0.0
0.7114810669084709,0.2856300985582809,-0.28,0.4891458216778544,-1.0,0.0,1.0,0.0
-1.4798191521228015,-0.2416967490720214,0.52,0.04800973600174411,-1.0,0.0,0.0,1.0
1.5597263129850925,-0.5447660686697217,0.56,-0.3153138107109896,-1.0,0.0,0.0,1.0
-0.20745128300786916,-0.7302951085352345,-0.48,-1.1871617141739772,-1.0,0.0,1.0,0.0
1.7011005206645293,-0.11919890065703567,-2.2,-1.2855802089868604,-1.0,0.0,1.0,0.0
1.0649165861070633,0.007926425275320451,-1.92,0.05567419082523333,-1.0,0.0,1.0,0.0
-0.1367641791681507,0.2730174352292695,0.8,-0.11777528436685474,-1.0,0.0,1.0,0.0
-0.63157390604618,0.15791703698974222,-0.28,0.20008700849892386,-1.0,0.0,1.0,0.0
-0.7022610098858985,-1.3238692508590646,-2.44,-0.7191956013325994,-1.0,0.0,0.0,1.0
1.7011005206645293,-0.5501264575670155,0.0,1.4546760272186061,-1.0,1.0,0.0,0.0
0.0752971323510047,-0.40574260988837285,0.04,0.9091384630858435,-1.0,0.0,0.0,1.0
1.0649165861070633,-0.051752115199195314,0.2,1.2914397695773687,-1.0,1.0,0.0,0.0
-1.4798191521228015,4.890498213079721,0.72,-0.7289188458253092,-1.0,1.0,0.0,0.0
-1.2677578406036463,0.48895300165448613,0.76,1.5482842168532744,-1.0,0.0,0.0,1.0
0.5701068592290339,-0.6048861141293896,-0.12,0.47558574365402245,-1.0,0.0,1.0,0.0
0.7821681707481893,0.5284522002848766,-0.04,-0.5809582571168138,-1.0,1.0,0.0,0.0
0.7114810669084709,0.6049199558257659,-1.72,1.3267054530924458,-1.0,0.0,0.0,1.0
-0.9850094252447723,0.007926425275320451,-1.68,0.05567419082523333,-1.0,0.0,1.0,0.0
-1.6211933598022386,0.2911202981267688,0.64,-1.4875070908736567,-1.0,0.0,1.0,0.0
1.0649165861070633,-0.7983021082316638,-1.56,-1.6590725628115126,-1.0,1.0,0.0,0.0
-1.3384449444433646,0.24556591118264584,0.88,0.3121550575745128,-1.0,0.0,0.0,1.0
